date,month,dayofweek,tavg,tmin,tmax,prcp,wspd,pres,AQI
2018-02-12 00:00:00,2,0,2.3,1.0,4.2,4.3,10.3,1012.0,Good
2018-02-13 00:00:00,2,1,4.9,2.0,7.0,0.0,9.3,1014.9,Moderate
2018-02-14 00:00:00,2,2,5.8,3.0,8.0,0.3,21.5,1009.7,Moderate
2018-02-15 00:00:00,2,3,3.7,1.0,8.8,10.4,16.9,1018.3,Moderate
2018-02-16 00:00:00,2,4,3.9,1.0,11.0,0.0,14.3,1024.8,Moderate
2018-02-17 00:00:00,2,5,3.9,0.0,9.2,0.0,7.7,nan,Moderate
2018-02-18 00:00:00,2,6,4.9,0.0,10.4,0.0,11.7,nan,Moderate
2018-02-19 00:00:00,2,0,4.1,3.0,6.2,0.0,15.9,1020.8,Moderate
2018-02-20 00:00:00,2,1,4.3,2.0,6.0,1.0,26.6,1018.5,Moderate
2018-02-21 00:00:00,2,2,5.2,4.9,6.2,2.3,17.5,1015.3,Moderate
2018-02-22 00:00:00,2,3,3.4,2.0,5.6,0.0,14.5,1014.6,Moderate
2018-02-23 00:00:00,2,4,2.8,1.0,7.1,22.4,9.3,1017.3,Moderate
2018-02-24 00:00:00,2,5,2.3,0.0,5.0,0.0,6.3,nan,Moderate
2018-02-25 00:00:00,2,6,-3.4,-4.0,3.4,0.0,17.6,1015.9,Moderate
2018-02-26 00:00:00,2,0,-4.7,-7.0,0.0,1.0,32.8,nan,Moderate
2018-02-27 00:00:00,2,1,-6.0,-7.0,-0.3,11.4,21.4,1009.1,Good
2018-02-28 00:00:00,2,2,-7.9,-9.0,-4.4,4.1,21.8,1012.0,Moderate
2018-03-01 00:00:00,3,3,-6.1,-13.0,0.8,1.8,9.2,1020.7,Moderate
2018-03-02 00:00:00,3,4,2.6,-2.4,5.4,0.8,8.6,nan,Moderate
2018-03-03 00:00:00,3,5,5.8,3.0,11.7,1.0,10.3,998.5,Moderate
2018-03-04 00:00:00,3,6,0.1,-1.0,7.5,1.3,7.5,nan,Moderate
2018-03-05 00:00:00,3,0,2.8,-1.0,5.0,5.3,11.7,nan,Moderate
2018-03-06 00:00:00,3,1,6.4,4.0,8.8,1.0,10.9,1003.6,Moderate
2018-03-07 00:00:00,3,2,11.7,4.0,19.9,2.0,12.8,nan,Moderate
2018-03-08 00:00:00,3,3,9.4,5.0,14.0,0.0,8.9,1005.0,Moderate
2018-03-09 00:00:00,3,4,7.8,4.7,15.0,0.0,10.6,1014.5,Moderate
2018-03-10 00:00:00,3,5,9.6,3.0,18.0,0.0,8.6,1014.8,Moderate
2018-03-11 00:00:00,3,6,11.0,7.0,19.0,0.0,7.8,1013.3,Good
2018-03-12 00:00:00,3,0,9.7,4.0,16.0,0.0,10.6,1010.5,Moderate
2018-03-13 00:00:00,3,1,11.3,8.0,17.0,0.0,15.6,1002.6,Moderate
2018-03-14 00:00:00,3,2,12.2,8.0,19.0,0.0,14.6,1004.7,Moderate
2018-03-15 00:00:00,3,3,9.4,5.0,16.0,2.3,8.1,1009.6,Moderate
2018-03-16 00:00:00,3,4,10.5,4.0,14.0,0.0,7.6,1009.4,Moderate
2018-03-17 00:00:00,3,5,15.4,9.3,19.0,0.0,10.4,1003.9,Moderate
2018-03-18 00:00:00,3,6,7.1,-0.5,19.2,0.0,15.3,nan,Good
2018-03-19 00:00:00,3,0,-0.6,-3.0,2.6,5.3,11.9,nan,Good
2018-03-20 00:00:00,3,1,1.9,0.0,5.6,13.0,20.0,nan,Good
2018-03-21 00:00:00,3,2,3.3,0.0,6.0,3.3,9.8,nan,Good
2018-03-22 00:00:00,3,3,0.1,-1.0,5.2,3.0,11.9,nan,Good
2018-03-23 00:00:00,3,4,2.7,-0.4,6.2,5.6,17.6,nan,Good
2018-03-24 00:00:00,3,5,0.4,-1.4,2.5,3.8,10.7,nan,Good
2018-03-25 00:00:00,3,6,4.2,nan,7.0,0.3,nan,nan,Moderate
2018-03-26 00:00:00,3,0,7.3,5.4,9.5,0.5,13.7,nan,Moderate
2018-03-27 00:00:00,3,1,7.0,5.0,10.0,17.3,9.7,1011.1,Moderate
2018-03-28 00:00:00,3,2,5.1,2.0,8.8,0.0,5.0,1012.6,Moderate
2018-03-29 00:00:00,3,3,6.9,4.0,13.0,3.3,10.2,1011.8,Moderate
2018-03-30 00:00:00,3,4,8.1,3.0,13.0,0.0,10.4,1016.5,Moderate
2018-03-31 00:00:00,3,5,11.6,4.0,21.0,0.0,8.7,1013.2,Moderate
2018-04-01 00:00:00,4,6,13.2,9.0,18.0,0.0,16.1,1002.9,Moderate
2018-04-04 00:00:00,4,2,10.4,3.0,18.0,0.0,9.1,1019.0,Good
2018-04-05 00:00:00,4,3,11.4,5.0,17.0,0.0,8.5,1013.1,Good
2018-04-06 00:00:00,4,4,11.4,8.0,17.0,0.0,8.7,1011.6,Moderate
2018-04-07 00:00:00,4,5,14.8,9.0,21.0,0.0,15.7,nan,Moderate
2018-04-08 00:00:00,4,6,15.6,11.0,21.0,0.0,18.6,1020.5,Good
2018-04-09 00:00:00,4,0,12.2,7.0,21.0,0.0,10.7,1017.3,Moderate
2018-04-10 00:00:00,4,1,8.3,4.0,15.0,0.0,10.9,nan,Moderate
2018-04-11 00:00:00,4,2,8.7,7.0,nan,0.0,nan,nan,Good
2018-04-12 00:00:00,4,3,9.7,7.0,15.0,0.0,9.3,nan,Good
2018-04-13 00:00:00,4,4,9.6,5.0,17.0,0.0,8.8,nan,Good
2018-04-14 00:00:00,4,5,9.3,6.0,12.0,0.0,9.7,nan,Good
2018-04-15 00:00:00,4,6,10.3,8.0,15.0,0.0,8.1,1024.7,Good
2018-04-16 00:00:00,4,0,10.6,8.0,14.3,0.0,11.0,1020.9,Moderate
2018-04-17 00:00:00,4,1,10.8,5.0,16.0,0.0,7.1,1018.4,Good
2018-04-18 00:00:00,4,2,13.1,8.0,17.4,0.0,9.3,1022.8,Moderate
2018-04-19 00:00:00,4,3,17.1,10.0,23.6,0.0,12.0,1021.2,Moderate
2018-04-20 00:00:00,4,4,14.4,11.0,17.0,7.4,14.9,1017.4,Moderate
2018-04-21 00:00:00,4,5,14.5,10.0,20.0,0.0,16.0,1019.6,Good
2018-04-22 00:00:00,4,6,17.1,7.0,27.0,0.0,9.9,1014.0,Moderate
2018-04-23 00:00:00,4,0,16.6,10.0,25.0,0.0,10.0,1013.3,Moderate
2018-04-24 00:00:00,4,1,16.8,9.0,23.0,0.0,7.9,1014.3,Moderate
2018-04-25 00:00:00,4,2,19.3,12.0,25.0,0.0,10.7,nan,Moderate
2018-04-26 00:00:00,4,3,18.0,11.0,26.0,0.0,7.7,1012.4,Moderate
2018-04-27 00:00:00,4,4,18.0,12.0,26.0,0.0,9.5,1013.3,Moderate
2018-04-28 00:00:00,4,5,15.3,11.0,19.0,0.0,12.6,1020.5,Moderate
2018-04-29 00:00:00,4,6,14.4,9.0,19.0,0.0,11.4,1019.8,Good
2018-04-30 00:00:00,4,0,14.1,7.0,20.0,0.0,9.1,1015.6,Good
2018-05-01 00:00:00,5,1,14.1,8.0,18.6,0.0,10.0,1014.5,Good
2018-05-02 00:00:00,5,2,15.4,13.0,19.3,0.0,10.9,nan,Good
2018-05-03 00:00:00,5,3,14.8,13.0,18.8,0.0,10.3,nan,Good
2018-05-04 00:00:00,5,4,17.0,13.0,22.0,0.0,7.3,nan,Good
2018-05-05 00:00:00,5,5,18.0,10.0,25.0,0.0,8.9,nan,Good
2018-05-06 00:00:00,5,6,19.8,13.0,28.0,0.0,9.2,nan,Moderate
2018-05-07 00:00:00,5,0,21.6,17.0,26.8,0.5,20.6,nan,Good
2018-05-08 00:00:00,5,1,17.1,15.0,22.1,0.0,16.7,1005.1,Good
2018-05-09 00:00:00,5,2,17.9,15.8,24.2,2.0,9.1,1004.0,Good
2018-05-10 00:00:00,5,3,17.1,15.6,20.4,22.6,7.4,1006.8,Good
2018-05-11 00:00:00,5,4,17.1,15.0,20.2,3.8,14.1,1011.3,Good
2018-05-12 00:00:00,5,5,14.9,10.0,20.0,0.0,12.5,1015.1,Good
2018-05-13 00:00:00,5,6,16.3,7.0,23.0,0.0,11.1,1011.5,Good
2018-05-14 00:00:00,5,0,16.9,15.0,20.6,0.0,14.9,1013.0,Good
2018-05-15 00:00:00,5,1,17.9,15.0,21.0,0.0,16.5,nan,Good
2018-05-16 00:00:00,5,2,21.4,16.0,28.0,0.0,10.3,nan,Moderate
2018-05-17 00:00:00,5,3,20.2,17.0,23.0,0.0,8.5,nan,Moderate
2018-05-18 00:00:00,5,4,19.7,14.0,26.0,14.5,8.8,nan,Good
2018-05-19 00:00:00,5,5,18.4,16.0,23.4,21.8,9.6,nan,Moderate
2018-05-20 00:00:00,5,6,18.3,15.0,22.0,2.3,8.0,nan,Good
2018-05-21 00:00:00,5,0,17.8,15.0,21.0,0.0,13.4,nan,Good
2018-05-22 00:00:00,5,1,18.1,12.0,23.0,0.0,10.7,nan,Good
2018-05-23 00:00:00,5,2,18.8,13.0,24.6,0.0,9.3,nan,Good
2018-05-24 00:00:00,5,3,19.9,12.0,26.0,0.0,7.3,nan,Good
2018-05-25 00:00:00,5,4,22.1,16.0,27.0,0.0,10.4,nan,Moderate
2018-05-26 00:00:00,5,5,21.3,18.0,25.2,0.0,19.0,nan,Moderate
2018-05-27 00:00:00,5,6,20.1,18.0,24.0,0.0,12.7,nan,Moderate
2018-05-28 00:00:00,5,0,19.9,nan,nan,0.0,nan,nan,Good
2018-05-29 00:00:00,5,1,20.9,16.0,24.4,0.0,13.6,1017.6,Moderate
2018-05-30 00:00:00,5,2,20.2,15.0,25.0,0.0,14.2,1016.5,Good
2018-05-31 00:00:00,5,3,20.9,12.0,28.0,0.0,10.2,1014.5,Good
2018-06-01 00:00:00,6,4,22.7,15.0,30.0,0.0,13.7,1014.5,Moderate
2018-06-02 00:00:00,6,5,18.3,13.0,24.0,0.0,10.7,1018.1,Moderate
2018-06-03 00:00:00,6,6,18.6,12.0,24.2,0.0,9.4,1013.9,Good
2018-06-04 00:00:00,6,0,19.9,17.0,26.6,10.4,nan,1008.5,Good
2018-06-05 00:00:00,6,1,21.1,16.0,26.0,71.4,nan,1006.8,Good
2018-06-06 00:00:00,6,2,22.9,16.0,29.0,0.3,7.7,1011.6,Good
2018-06-11 00:00:00,6,0,21.1,13.0,27.0,0.0,7.7,1010.9,Good
2018-06-12 00:00:00,6,1,22.4,15.0,28.0,0.0,9.4,1009.2,Good
2018-06-13 00:00:00,6,2,22.1,17.0,27.6,0.0,9.7,1005.1,Good
2018-06-14 00:00:00,6,3,21.2,16.0,26.0,0.0,10.3,1004.5,Good
2018-06-15 00:00:00,6,4,21.6,15.0,27.0,0.0,9.0,1005.6,Good
2018-06-16 00:00:00,6,5,22.4,17.0,30.0,0.0,9.2,1007.2,Good
2018-06-17 00:00:00,6,6,22.4,20.0,28.0,0.0,10.2,1007.8,Good
2018-06-18 00:00:00,6,0,22.8,18.0,29.0,6.1,9.8,1009.2,Good
2018-06-19 00:00:00,6,1,23.7,17.0,30.0,0.0,11.3,1012.8,Good
2018-06-20 00:00:00,6,2,24.4,18.0,31.0,0.0,13.6,1016.0,Good
2018-06-21 00:00:00,6,3,24.1,15.0,30.0,0.0,8.9,1014.7,Moderate
2018-06-22 00:00:00,6,4,22.8,18.0,29.0,0.0,6.8,1010.1,Moderate
2018-06-23 00:00:00,6,5,18.2,17.0,23.2,0.0,19.8,1012.3,Moderate
2018-06-24 00:00:00,6,6,17.8,12.0,24.3,0.0,8.8,1016.8,Good
2018-06-25 00:00:00,6,0,19.4,12.0,24.0,0.0,12.1,1016.8,Good
2018-06-26 00:00:00,6,1,21.4,17.0,25.4,0.0,16.8,1013.0,Good
2018-06-27 00:00:00,6,2,20.6,16.7,26.0,14.5,12.3,1007.6,Good
2018-06-28 00:00:00,6,3,21.0,18.0,25.0,17.8,8.3,nan,Good
2018-06-29 00:00:00,6,4,20.3,16.0,26.0,0.0,8.9,1002.0,Good
2018-06-30 00:00:00,6,5,19.5,17.0,22.6,1.0,6.7,1001.2,Good
2018-07-01 00:00:00,7,6,20.1,16.0,25.0,8.6,9.4,1010.9,Good
2018-07-02 00:00:00,7,0,21.2,13.0,27.1,0.0,10.4,1015.5,Good
2018-07-03 00:00:00,7,1,23.1,18.0,28.0,0.0,7.0,nan,Good
2018-07-04 00:00:00,7,2,24.1,20.0,28.3,0.0,11.1,1014.0,Good
2018-07-05 00:00:00,7,3,22.3,20.0,26.4,0.0,6.3,1011.8,Good
2018-07-06 00:00:00,7,4,22.7,17.0,28.0,3.3,8.9,1010.8,Good
2018-07-07 00:00:00,7,5,22.9,17.0,28.3,0.0,8.4,1010.0,Good
2018-07-08 00:00:00,7,6,20.9,18.0,26.7,0.0,9.6,1009.7,Good
2018-07-09 00:00:00,7,0,21.8,18.0,27.2,1.8,8.4,1010.0,Good
2018-07-10 00:00:00,7,1,23.2,20.0,29.4,0.3,9.0,1010.6,Good
2018-07-11 00:00:00,7,2,23.7,19.0,29.2,0.0,9.2,1012.0,Good
2018-07-12 00:00:00,7,3,24.6,18.0,29.1,0.0,7.3,1012.7,Good
2018-07-13 00:00:00,7,4,23.8,19.0,30.0,0.0,9.0,1011.7,Good
2018-07-14 00:00:00,7,5,23.9,18.0,30.0,3.8,10.4,1011.3,Good
2018-07-15 00:00:00,7,6,24.6,18.0,30.0,0.0,11.6,1009.8,Good
2018-07-16 00:00:00,7,0,24.7,19.0,30.0,0.0,13.0,1008.8,Good
2018-07-17 00:00:00,7,1,25.1,19.0,32.0,0.0,9.2,1006.0,Good
2018-07-18 00:00:00,7,2,24.2,21.0,29.0,0.0,15.3,1003.5,Good
2018-07-19 00:00:00,7,3,22.7,19.0,28.2,0.3,14.4,1004.0,Good
2018-07-20 00:00:00,7,4,24.6,20.0,31.0,1.3,12.1,1007.3,Good
2018-07-21 00:00:00,7,5,23.9,20.0,31.0,0.0,10.0,1010.0,Good
2018-07-22 00:00:00,7,6,23.8,19.0,30.0,8.4,8.6,1009.1,Good
2018-07-23 00:00:00,7,0,22.7,17.0,28.3,2.8,7.6,1005.1,Good
2018-07-24 00:00:00,7,1,21.9,19.0,27.0,0.0,7.6,1002.2,Good
2018-07-25 00:00:00,7,2,22.5,20.0,28.2,1.5,13.0,1003.4,Good
2018-07-26 00:00:00,7,3,23.2,20.0,29.0,3.3,10.6,1007.1,Good
2018-07-27 00:00:00,7,4,22.5,20.0,28.0,18.8,7.1,1009.6,Good
2018-07-29 00:00:00,7,6,23.4,20.0,30.0,0.0,6.0,1007.8,Good
2018-07-30 00:00:00,7,0,23.6,20.0,28.0,7.9,7.4,1008.9,Good
2018-07-31 00:00:00,7,1,24.8,20.0,31.2,17.5,6.9,1010.9,Good
2018-08-01 00:00:00,8,2,24.0,22.0,30.1,0.0,7.9,1012.7,Good
2018-08-02 00:00:00,8,3,25.4,21.0,30.0,0.0,10.7,1014.8,Good
2018-08-03 00:00:00,8,4,24.7,20.0,30.0,0.0,14.3,1014.1,Good
2018-08-04 00:00:00,8,5,25.3,19.0,31.0,0.0,10.2,1014.3,Good
2018-08-05 00:00:00,8,6,25.2,20.0,32.4,0.0,10.8,1014.4,Moderate
2018-08-06 00:00:00,8,0,24.3,17.0,31.8,0.0,6.9,1014.3,Good
2018-08-07 00:00:00,8,1,24.3,18.0,32.5,0.0,7.2,1014.3,Good
2018-08-08 00:00:00,8,2,24.8,22.0,30.2,0.0,10.7,1016.2,Good
2018-08-09 00:00:00,8,3,24.5,17.0,29.4,0.0,12.8,1018.7,Good
2018-08-10 00:00:00,8,4,24.1,20.0,28.2,0.0,15.7,1021.0,Good
2018-08-11 00:00:00,8,5,23.3,19.0,27.2,0.0,16.1,1019.9,Good
2018-08-12 00:00:00,8,6,22.1,16.0,29.0,0.0,9.9,1017.8,Good
2018-08-13 00:00:00,8,0,21.7,15.0,28.2,0.0,7.1,1016.2,Good
2018-08-14 00:00:00,8,1,22.8,16.0,28.6,0.0,8.3,1014.1,Good
2018-08-15 00:00:00,8,2,24.6,16.0,31.0,0.0,8.3,1012.6,Good
2018-08-16 00:00:00,8,3,27.3,20.0,33.0,0.0,12.6,1011.6,Good
2018-08-17 00:00:00,8,4,27.3,21.0,33.0,0.0,10.7,1011.3,Moderate
2018-08-18 00:00:00,8,5,25.9,21.0,32.0,0.0,15.2,1012.7,Moderate
2018-08-19 00:00:00,8,6,24.8,21.0,32.0,0.0,8.7,1015.3,Moderate
2018-08-20 00:00:00,8,0,23.9,19.0,30.0,0.0,13.1,1014.5,Good
2018-08-21 00:00:00,8,1,22.5,15.0,30.0,0.0,11.9,1014.5,Good
2018-08-22 00:00:00,8,2,23.3,16.0,31.0,0.0,9.4,1016.2,Good
2018-08-23 00:00:00,8,3,25.0,19.0,31.0,0.0,13.1,1016.0,Moderate
2018-08-24 00:00:00,8,4,23.6,19.0,29.0,0.0,10.1,1013.1,Good
2018-08-25 00:00:00,8,5,22.9,17.0,30.4,0.0,8.2,1010.4,Good
2018-08-26 00:00:00,8,6,23.2,16.0,29.0,0.0,7.8,1008.1,Good
2018-08-27 00:00:00,8,0,24.3,18.0,29.0,0.0,9.2,1007.8,Good
2018-08-28 00:00:00,8,1,24.7,21.0,30.0,0.0,10.6,1011.0,Good
2018-08-29 00:00:00,8,2,25.1,20.0,32.0,0.0,15.8,1012.9,Moderate
2018-08-30 00:00:00,8,3,24.3,20.0,31.0,0.0,12.8,1014.6,Good
2018-08-31 00:00:00,8,4,24.0,16.0,31.0,0.0,5.4,1016.2,Moderate
2018-09-01 00:00:00,9,5,24.8,18.0,32.0,0.0,8.5,1015.8,Moderate
2018-09-02 00:00:00,9,6,25.0,18.0,31.0,0.0,8.6,1016.1,Moderate
2018-09-03 00:00:00,9,0,24.1,20.0,29.0,0.0,10.7,1013.2,Good
2018-09-04 00:00:00,9,1,23.4,16.0,31.2,0.0,7.4,1009.2,Moderate
2018-09-05 00:00:00,9,2,21.9,19.0,26.7,0.0,11.0,1008.6,Good
2018-09-06 00:00:00,9,3,20.1,17.0,25.4,7.1,11.1,1007.6,Good
2018-09-07 00:00:00,9,4,22.8,17.0,29.6,0.0,10.3,1008.3,Good
2018-09-08 00:00:00,9,5,21.4,16.0,29.8,0.8,6.7,1012.5,Good
2018-09-09 00:00:00,9,6,20.1,16.0,27.8,0.0,6.5,1015.3,Moderate
2018-09-10 00:00:00,9,0,20.6,15.0,27.0,14.5,11.0,1016.7,Good
2018-09-11 00:00:00,9,1,20.6,14.0,26.6,0.0,8.7,1017.6,Good
2018-09-12 00:00:00,9,2,19.8,17.0,25.2,0.0,9.7,1019.7,Good
2018-09-13 00:00:00,9,3,20.7,16.0,25.0,1.8,10.5,1017.0,Good
2018-09-14 00:00:00,9,4,20.7,17.0,27.0,0.0,13.6,1013.5,Good
2018-09-15 00:00:00,9,5,22.3,17.0,29.4,0.5,9.0,1014.6,Good
2018-09-16 00:00:00,9,6,21.6,18.0,26.6,0.0,11.2,1019.0,Moderate
2018-09-17 00:00:00,9,0,20.4,20.0,24.0,0.0,13.6,1023.7,Good
2018-09-18 00:00:00,9,1,18.0,12.0,23.2,0.0,10.7,1023.4,Good
2018-09-19 00:00:00,9,2,17.6,12.0,23.9,0.0,9.4,1022.9,Good
2018-09-20 00:00:00,9,3,18.6,10.0,24.5,0.0,11.5,1020.7,Good
2018-09-21 00:00:00,9,4,19.1,13.0,26.0,0.0,8.9,1018.7,Good
2018-09-22 00:00:00,9,5,19.4,13.0,27.0,0.0,6.7,1017.0,Moderate
2018-09-23 00:00:00,9,6,19.8,14.0,25.8,0.0,10.9,1018.4,Moderate
2018-09-24 00:00:00,9,0,22.4,18.0,24.8,0.0,13.4,1013.1,Good
2018-09-25 00:00:00,9,1,12.1,9.0,24.8,1.8,14.7,1024.6,Good
2018-09-26 00:00:00,9,2,11.6,8.0,16.2,0.0,15.4,1032.2,Good
2018-09-27 00:00:00,9,3,11.8,7.0,20.4,0.0,13.7,1029.7,Good
2018-09-28 00:00:00,9,4,11.6,3.0,21.3,0.0,8.1,1022.5,Good
2018-09-29 00:00:00,9,5,14.8,9.0,22.4,0.0,9.4,1015.7,Good
2018-09-30 00:00:00,9,6,13.6,11.0,17.0,2.8,18.4,1020.3,Good
2018-10-01 00:00:00,10,0,15.5,14.0,17.2,3.3,13.1,1013.3,Good
2018-10-02 00:00:00,10,1,15.4,13.0,19.0,13.0,8.3,1014.2,Good
2018-10-03 00:00:00,10,2,16.1,12.0,21.2,0.0,13.6,1018.0,Good
2018-10-04 00:00:00,10,3,14.1,8.0,21.0,0.0,12.4,1023.9,Good
2018-10-05 00:00:00,10,4,12.8,6.0,21.4,0.0,7.8,1030.0,Moderate
2018-10-06 00:00:00,10,5,14.1,8.0,19.5,0.0,8.7,1026.9,Moderate
2018-10-07 00:00:00,10,6,15.3,11.0,19.6,0.0,7.5,1019.1,Good
2018-10-08 00:00:00,10,0,15.0,8.0,23.2,0.0,8.2,1018.0,Moderate
2018-10-09 00:00:00,10,1,15.0,11.0,21.0,0.0,11.5,1021.5,Good
2018-10-10 00:00:00,10,2,16.3,12.0,22.6,0.0,11.0,1023.5,Good
2018-10-11 00:00:00,10,3,16.1,14.0,21.0,0.3,12.3,1023.6,Moderate
2018-10-12 00:00:00,10,4,16.7,13.0,21.4,0.0,14.0,1024.7,Moderate
2018-10-13 00:00:00,10,5,15.7,13.0,20.2,0.0,14.6,1025.8,Good
2018-10-14 00:00:00,10,6,15.0,10.0,21.0,0.0,11.3,1024.9,Good
2018-10-15 00:00:00,10,0,16.6,11.0,23.0,0.0,12.6,1023.1,Good
2018-10-16 00:00:00,10,1,14.8,10.0,21.6,0.0,7.3,1022.5,Good
2018-10-17 00:00:00,10,2,14.8,10.0,20.0,0.0,6.8,1020.3,Moderate
2018-10-18 00:00:00,10,3,15.3,11.0,20.2,0.0,6.2,1017.8,Moderate
2018-10-19 00:00:00,10,4,15.7,11.0,23.6,0.0,5.8,1016.6,Moderate
2018-10-20 00:00:00,10,5,16.5,14.0,21.4,0.0,9.1,1017.5,Moderate
2018-10-21 00:00:00,10,6,15.2,13.0,21.5,0.5,14.2,1018.0,Moderate
2018-10-22 00:00:00,10,0,12.9,10.0,18.8,0.0,11.5,1021.2,Good
2018-10-23 00:00:00,10,1,11.8,5.0,20.2,0.0,8.6,1018.4,Moderate
2018-10-24 00:00:00,10,2,11.4,7.0,17.8,0.0,14.6,1003.0,Moderate
2018-10-25 00:00:00,10,3,8.0,4.0,14.9,2.3,21.1,1009.1,Moderate
2018-10-26 00:00:00,10,4,11.7,4.0,20.5,0.0,10.0,1013.5,Good
2018-10-27 00:00:00,10,5,15.2,7.0,23.8,0.0,9.5,1016.3,Good
2018-10-28 00:00:00,10,6,18.2,11.0,26.2,0.0,10.9,1018.0,Good
2018-10-29 00:00:00,10,0,17.5,10.0,24.2,0.0,7.9,1018.2,Good
2018-10-30 00:00:00,10,1,16.6,13.0,22.5,0.0,8.6,1018.0,Good
2018-10-31 00:00:00,10,2,16.8,11.0,26.0,0.0,5.9,1022.1,Moderate
2018-11-01 00:00:00,11,3,16.1,12.0,18.2,0.0,8.9,1027.9,Moderate
2018-11-02 00:00:00,11,4,15.2,14.0,16.0,0.0,11.2,1028.2,Moderate
2018-11-03 00:00:00,11,5,14.8,13.0,17.0,0.0,9.4,1027.6,Good
2018-11-04 00:00:00,11,6,13.3,10.0,18.1,0.0,9.5,1026.0,Good
2018-11-05 00:00:00,11,0,12.7,10.0,18.1,0.0,9.0,1024.1,Good
2018-11-06 00:00:00,11,1,13.4,11.8,15.7,0.0,9.4,1023.6,Good
2018-11-07 00:00:00,11,2,12.3,10.8,14.4,0.0,9.5,1023.3,Good
2018-11-08 00:00:00,11,3,12.6,10.0,17.3,0.0,7.6,1021.9,Good
2018-11-09 00:00:00,11,4,10.9,7.0,16.2,0.0,6.2,1022.2,Good
2018-11-10 00:00:00,11,5,10.3,6.0,18.1,0.0,5.8,1020.8,Moderate
2018-11-11 00:00:00,11,6,9.7,4.0,17.6,0.0,5.6,1023.3,Good
2018-11-12 00:00:00,11,0,11.2,7.0,16.5,0.0,8.0,1028.1,Good
2018-11-13 00:00:00,11,1,10.0,8.9,13.4,0.0,11.0,1031.1,Good
2018-11-14 00:00:00,11,2,8.7,6.3,10.5,0.0,4.6,1025.5,Good
2018-11-15 00:00:00,11,3,7.3,4.6,10.1,2.0,13.6,1021.8,Good
2018-11-16 00:00:00,11,4,2.4,0.0,6.8,0.0,20.9,1027.1,Good
2018-11-17 00:00:00,11,5,2.4,0.0,4.8,0.0,13.6,1030.7,Good
2018-11-18 00:00:00,11,6,4.8,2.0,9.4,0.0,17.3,1024.3,Good
2018-11-19 00:00:00,11,0,4.2,1.0,12.8,12.7,19.4,1013.6,Good
2018-11-20 00:00:00,11,1,3.9,-1.0,6.6,0.0,8.0,1022.0,Good
2018-11-21 00:00:00,11,2,7.8,6.0,10.0,3.6,16.3,1016.2,Good
2018-11-22 00:00:00,11,3,3.8,2.0,8.6,26.2,15.2,1021.2,Good
2018-11-23 00:00:00,11,4,2.3,0.0,10.2,0.0,8.6,1028.5,Moderate
2018-11-24 00:00:00,11,5,2.7,-0.2,9.2,0.0,6.5,1027.7,Moderate
2018-11-25 00:00:00,11,6,5.9,1.0,12.0,0.0,6.6,1017.4,Good
2018-11-26 00:00:00,11,0,10.7,5.0,13.0,0.0,9.1,1005.8,Good
2018-11-27 00:00:00,11,1,8.7,4.8,12.0,2.5,8.3,1006.5,Good
2018-11-28 00:00:00,11,2,-0.1,-3.2,6.4,11.9,26.4,1015.7,Good
2018-11-29 00:00:00,11,3,-2.9,-3.8,-1.7,7.6,30.3,1030.9,Good
2018-11-30 00:00:00,11,4,-4.1,-6.0,-2.3,0.0,27.7,1026.5,Good
2018-12-01 00:00:00,12,5,-4.3,-10.0,2.2,0.0,7.9,1024.5,Good
2018-12-02 00:00:00,12,6,-0.3,-5.0,6.8,0.0,5.2,1024.0,Moderate
2018-12-03 00:00:00,12,0,2.6,-4.0,10.0,0.0,6.0,1019.8,Moderate
2018-12-04 00:00:00,12,1,3.3,-1.0,8.5,0.0,4.7,1015.4,Good
2018-12-05 00:00:00,12,2,4.2,3.0,8.2,0.0,13.4,1017.8,Moderate
2018-12-06 00:00:00,12,3,1.5,-2.0,5.7,0.0,11.0,1025.2,Good
2018-12-07 00:00:00,12,4,0.2,-5.0,6.6,0.0,6.0,1023.7,Good
2018-12-08 00:00:00,12,5,3.7,-2.0,12.0,0.0,5.4,1014.5,Moderate
2018-12-09 00:00:00,12,6,5.2,1.0,9.2,0.0,5.8,1009.0,Moderate
2018-12-10 00:00:00,12,0,4.4,1.0,9.0,1.5,7.0,1005.8,Moderate
2018-12-11 00:00:00,12,1,3.9,1.0,5.9,0.0,16.7,1010.4,Moderate
2018-12-12 00:00:00,12,2,1.9,-1.0,4.6,0.3,9.4,1017.5,Good
2018-12-13 00:00:00,12,3,2.1,-1.0,7.8,0.0,10.5,1020.4,Good
2018-12-14 00:00:00,12,4,2.3,-5.0,6.4,0.0,7.5,1020.8,Moderate
2018-12-15 00:00:00,12,5,8.6,5.8,10.2,5.8,12.7,1018.7,Moderate
2018-12-16 00:00:00,12,6,9.2,5.0,10.6,0.5,13.6,1016.2,Good
2018-12-17 00:00:00,12,0,3.7,2.6,10.0,2.3,10.1,1017.6,Good
2018-12-18 00:00:00,12,1,0.9,-1.0,4.6,10.9,16.9,1023.5,Good
2018-12-19 00:00:00,12,2,-2.3,-3.4,-0.2,1.5,20.2,1025.7,Good
2018-12-20 00:00:00,12,3,-2.8,-4.0,0.1,0.0,8.2,1028.3,Good
2018-12-21 00:00:00,12,4,-1.2,-4.0,3.0,0.0,6.8,1027.5,Moderate
2018-12-22 00:00:00,12,5,2.5,-4.0,9.6,0.0,7.5,1019.4,Moderate
2018-12-23 00:00:00,12,6,8.2,5.0,13.2,0.0,14.5,1016.7,Moderate
2018-12-24 00:00:00,12,0,7.6,3.0,12.2,0.0,13.1,1011.6,Good
2018-12-25 00:00:00,12,1,1.3,-2.0,11.6,0.0,15.9,1018.6,Good
2018-12-26 00:00:00,12,2,0.9,-2.0,5.5,0.0,13.4,1023.9,Good
2018-12-27 00:00:00,12,3,3.6,1.0,8.8,0.0,13.7,1022.0,Good
2018-12-28 00:00:00,12,4,4.3,0.0,8.5,0.0,11.2,1021.2,Good
2018-12-29 00:00:00,12,5,4.7,4.0,7.0,1.8,7.0,1019.0,Good
2018-12-30 00:00:00,12,6,3.6,2.0,8.2,2.8,8.4,1023.4,Moderate
2018-12-31 00:00:00,12,0,2.6,0.0,8.2,0.3,5.8,1023.8,Good
2019-01-01 00:00:00,1,1,1.7,-2.0,7.5,0.0,7.7,1025.4,Moderate
2019-01-02 00:00:00,1,2,1.4,-4.0,7.5,0.0,9.9,1013.3,Good
2019-01-03 00:00:00,1,3,2.9,1.0,8.3,0.0,13.8,1012.6,Good
2019-01-04 00:00:00,1,4,-1.8,-5.0,3.0,0.3,18.1,1019.9,Good
2019-01-05 00:00:00,1,5,-3.1,-7.0,0.0,0.0,13.3,1019.6,Good
2019-01-06 00:00:00,1,6,-3.2,-9.0,1.5,0.0,12.6,1011.8,Good
2019-01-07 00:00:00,1,0,-2.9,-4.0,-0.7,0.0,15.5,1019.4,Good
2019-01-08 00:00:00,1,1,-4.5,-8.0,-0.2,0.0,12.2,1019.3,Moderate
2019-01-09 00:00:00,1,2,-0.1,-8.0,5.4,0.0,9.0,1009.8,Moderate
2019-01-10 00:00:00,1,3,4.7,3.0,6.7,11.2,10.1,1005.6,Moderate
2019-01-11 00:00:00,1,4,1.3,-2.0,5.2,2.3,13.9,1013.3,Moderate
2019-01-12 00:00:00,1,5,-0.4,-2.0,3.4,0.0,19.8,1015.4,Moderate
2019-01-13 00:00:00,1,6,-1.1,-6.0,4.2,0.0,9.9,1010.9,Moderate
2019-01-14 00:00:00,1,0,3.8,-2.0,10.3,0.0,9.5,1000.6,Good
2019-01-15 00:00:00,1,1,0.7,-3.0,6.1,0.0,18.2,1005.3,Moderate
2019-01-16 00:00:00,1,2,1.8,-4.0,7.2,0.0,17.9,1012.3,Good
2019-01-17 00:00:00,1,3,4.1,-1.0,11.0,0.0,8.1,1017.8,Moderate
2019-01-18 00:00:00,1,4,4.9,-1.0,13.0,0.0,7.5,1015.7,Good
2019-01-19 00:00:00,1,5,4.4,2.0,7.9,0.0,9.1,1019.6,Moderate
2019-01-20 00:00:00,1,6,6.3,4.2,7.2,1.8,10.4,1017.6,Moderate
2019-01-21 00:00:00,1,0,2.7,0.0,6.8,0.5,12.8,1018.8,Good
2019-01-22 00:00:00,1,1,3.4,0.0,6.0,0.0,13.0,1019.3,Good
2019-01-23 00:00:00,1,2,8.4,5.4,12.0,0.0,11.3,1005.0,Good
2019-01-24 00:00:00,1,3,8.6,6.0,12.2,0.5,9.6,1000.3,Good
2019-01-25 00:00:00,1,4,6.8,4.0,9.7,0.0,12.0,1005.8,Good
2019-01-26 00:00:00,1,5,4.9,2.0,8.0,4.3,19.9,1002.8,Good
2019-01-27 00:00:00,1,6,1.8,0.0,7.0,0.0,14.0,1008.5,Good
2019-01-28 00:00:00,1,0,6.5,1.0,9.1,0.0,14.5,1006.0,Moderate
2019-01-29 00:00:00,1,1,9.3,6.0,13.0,0.0,9.6,1006.1,Good
2019-01-30 00:00:00,1,2,9.3,7.0,14.0,0.5,10.4,1004.2,Moderate
2019-01-31 00:00:00,1,3,8.9,6.0,13.0,0.0,11.2,1002.5,Moderate
2019-02-01 00:00:00,2,4,7.2,4.0,13.2,1.3,15.3,1011.1,Good
2019-02-02 00:00:00,2,5,8.2,0.0,16.0,0.0,7.5,1015.7,Good
2019-02-03 00:00:00,2,6,11.1,6.2,18.0,0.0,7.3,1014.7,Good
2019-02-04 00:00:00,2,0,10.6,6.0,19.0,0.0,5.7,1020.0,Moderate
2019-02-05 00:00:00,2,1,8.3,5.0,13.4,0.0,10.1,1023.3,Moderate
2019-02-06 00:00:00,2,2,4.1,4.0,6.4,0.0,9.4,1020.7,Good
2019-02-07 00:00:00,2,3,2.9,2.0,4.7,0.0,12.1,1023.9,Good
2019-02-08 00:00:00,2,4,2.4,0.0,5.2,0.0,14.3,1022.3,Moderate
2019-02-09 00:00:00,2,5,0.6,-3.0,5.0,0.0,6.2,1022.9,Moderate
2019-02-10 00:00:00,2,6,2.3,-3.0,10.0,0.0,8.2,1021.6,Good
2019-02-11 00:00:00,2,0,6.8,1.0,13.2,0.0,8.4,1012.2,Moderate
2019-02-12 00:00:00,2,1,5.9,3.0,9.1,0.0,14.8,1009.4,Moderate
2019-02-13 00:00:00,2,2,3.0,-1.0,6.4,3.3,14.1,1026.3,Good
2019-02-14 00:00:00,2,3,2.7,-2.0,6.6,0.0,16.2,1027.8,Good
2019-02-15 00:00:00,2,4,3.9,2.0,6.2,0.0,18.7,1026.5,Good
2019-02-16 00:00:00,2,5,3.5,0.0,7.2,0.0,10.5,1030.2,Moderate
2019-02-17 00:00:00,2,6,5.6,-2.0,14.0,0.0,8.5,1026.8,Moderate
2019-02-18 00:00:00,2,0,7.4,2.0,16.4,0.0,9.0,1023.4,Moderate
2019-02-19 00:00:00,2,1,6.1,1.0,11.0,0.0,9.1,1022.9,Good
2019-02-20 00:00:00,2,2,8.0,1.0,18.0,0.0,9.9,1017.4,Moderate
2019-02-21 00:00:00,2,3,7.6,3.0,12.0,0.0,6.8,1022.3,Moderate
2019-02-22 00:00:00,2,4,4.1,-1.7,13.0,0.0,17.0,1018.1,Moderate
2019-02-23 00:00:00,2,5,-4.3,-6.0,2.3,4.1,28.6,1030.6,Moderate
2019-02-24 00:00:00,2,6,-3.1,-6.0,-0.8,0.0,12.7,1036.5,Moderate
2019-02-25 00:00:00,2,0,0.8,-2.6,6.4,0.0,17.3,1033.0,Good
2019-02-26 00:00:00,2,1,4.1,-1.0,10.7,0.0,21.7,1019.6,Good
2019-02-27 00:00:00,2,2,4.3,2.6,6.2,1.8,16.8,1017.5,Good
2019-02-28 00:00:00,2,3,7.6,-1.0,16.0,0.0,14.2,1012.7,Good
2019-03-01 00:00:00,3,4,10.8,5.0,18.5,0.0,13.2,1004.7,Good
2019-03-02 00:00:00,3,5,4.0,-1.0,8.4,0.0,9.2,1011.0,Moderate
2019-03-03 00:00:00,3,6,2.8,-4.0,8.4,0.0,7.8,1018.9,Moderate
2019-03-04 00:00:00,3,0,5.0,-3.0,14.0,0.0,8.8,1016.1,Moderate
2019-03-05 00:00:00,3,1,12.0,2.0,21.2,0.0,15.1,1009.3,Moderate
2019-03-06 00:00:00,3,2,10.0,8.0,17.4,1.8,14.3,1017.4,Moderate
2019-03-07 00:00:00,3,3,6.6,1.0,12.0,1.3,10.8,1022.9,Good
2019-03-08 00:00:00,3,4,10.8,2.0,21.0,0.0,6.1,1019.2,Good
2019-03-09 00:00:00,3,5,15.1,8.0,23.7,0.0,11.2,1017.3,Moderate
2019-03-10 00:00:00,3,6,14.8,10.0,22.2,0.0,16.3,1015.5,Good
2019-03-11 00:00:00,3,0,15.8,12.0,21.5,0.0,14.5,1008.3,Good
2019-03-12 00:00:00,3,1,5.4,4.0,14.4,3.6,20.5,1011.8,Good
2019-03-13 00:00:00,3,2,4.6,3.5,10.1,2.0,12.7,1018.6,Good
2019-03-14 00:00:00,3,3,5.0,-1.0,9.6,0.0,9.3,1014.6,Good
2019-03-15 00:00:00,3,4,6.1,3.0,10.0,0.0,5.2,1008.9,Good
2019-03-16 00:00:00,3,5,11.6,4.2,17.0,0.0,12.4,1010.0,Good
2019-03-17 00:00:00,3,6,10.2,6.0,18.0,0.0,9.1,1014.8,Good
2019-03-18 00:00:00,3,0,10.4,3.0,18.0,0.0,9.0,1014.0,Good
2019-03-19 00:00:00,3,1,10.1,5.0,15.0,0.0,11.3,1016.3,Good
2019-03-20 00:00:00,3,2,9.1,6.0,13.0,0.0,8.0,1024.6,Good
2019-03-21 00:00:00,3,3,8.4,5.0,13.3,0.0,10.5,1030.8,Good
2019-03-22 00:00:00,3,4,8.9,2.0,16.0,0.0,9.0,1028.1,Good
2019-03-23 00:00:00,3,5,9.5,3.0,14.9,0.0,13.5,1023.5,Moderate
2019-03-24 00:00:00,3,6,6.2,-1.0,14.0,0.0,12.0,1022.6,Good
2019-03-25 00:00:00,3,0,8.7,0.0,18.0,0.0,10.3,1014.1,Good
2019-03-26 00:00:00,3,1,10.0,4.0,17.0,0.0,11.1,1012.2,Moderate
2019-03-27 00:00:00,3,2,9.2,7.0,15.8,0.0,12.3,1021.5,Moderate
2019-03-28 00:00:00,3,3,5.3,0.0,13.4,0.0,12.3,1029.0,Good
2019-03-29 00:00:00,3,4,4.4,-1.0,10.9,0.0,9.9,1028.2,Good
2019-03-30 00:00:00,3,5,5.6,-1.0,12.5,0.0,10.7,1024.5,Good
2019-03-31 00:00:00,3,6,6.9,nan,13.5,0.0,nan,nan,Moderate
2019-04-01 00:00:00,4,0,10.4,-1.0,17.0,0.0,9.4,1015.2,Moderate
2019-04-02 00:00:00,4,1,8.9,3.0,15.5,0.0,18.7,1020.0,Moderate
2019-04-03 00:00:00,4,2,6.5,-1.0,12.2,0.0,12.8,1022.1,Moderate
2019-04-04 00:00:00,4,3,6.7,1.0,13.5,0.0,14.7,1018.3,Moderate
2019-04-05 00:00:00,4,4,8.7,5.0,13.2,0.0,19.5,1016.2,Moderate
2019-04-06 00:00:00,4,5,9.3,8.0,12.0,0.0,15.8,1013.8,Good
2019-04-07 00:00:00,4,6,10.9,7.0,17.0,0.0,8.2,1009.9,Moderate
2019-04-08 00:00:00,4,0,11.4,10.0,16.0,1.8,11.2,1006.3,Moderate
2019-04-09 00:00:00,4,1,10.9,7.0,14.0,0.3,10.1,1001.8,Moderate
2019-04-10 00:00:00,4,2,10.9,8.0,15.0,4.8,7.2,1004.9,Good
2019-04-11 00:00:00,4,3,9.7,7.0,13.2,0.0,8.0,1007.3,Good
2019-04-12 00:00:00,4,4,11.8,10.0,15.3,5.3,10.1,1010.9,Good
2019-04-13 00:00:00,4,5,11.2,10.0,14.0,3.6,8.3,1011.6,Good
2019-04-14 00:00:00,4,6,9.2,8.0,11.0,1.5,9.1,1011.8,Good
2019-04-15 00:00:00,4,0,8.1,4.0,12.5,3.6,12.5,1015.8,Good
2019-04-16 00:00:00,4,1,8.6,2.0,14.0,0.0,11.9,1017.0,Moderate
2019-04-17 00:00:00,4,2,9.3,5.0,14.5,0.0,9.4,1017.0,Moderate
2019-04-18 00:00:00,4,3,8.2,5.0,13.0,0.0,8.8,1022.8,Moderate
2019-04-19 00:00:00,4,4,8.4,4.0,15.0,2.0,10.5,1023.5,Good
2019-04-20 00:00:00,4,5,8.1,5.0,13.2,6.1,13.6,1025.1,Good
2019-04-21 00:00:00,4,6,9.1,1.0,15.5,0.0,11.3,1023.5,Good
2019-04-22 00:00:00,4,0,8.3,3.0,14.7,0.0,10.4,1022.9,Moderate
2019-04-23 00:00:00,4,1,9.8,3.0,14.0,0.0,9.3,1025.9,Good
2019-04-24 00:00:00,4,2,11.2,8.0,14.2,0.3,16.5,1025.9,Good
2019-04-25 00:00:00,4,3,11.0,7.0,15.0,0.0,12.5,1024.7,Good
2019-04-26 00:00:00,4,4,11.6,8.0,16.0,0.0,10.3,1021.6,Good
2019-04-27 00:00:00,4,5,11.5,7.0,16.0,0.0,11.4,1015.4,Good
2019-04-28 00:00:00,4,6,16.4,9.0,24.0,0.3,10.9,1011.1,Good
2019-04-29 00:00:00,4,0,14.9,9.0,21.0,0.0,8.4,1011.1,Good
2019-04-30 00:00:00,4,1,16.8,10.0,25.0,0.0,11.3,1006.8,Good
2019-05-01 00:00:00,5,2,16.0,9.0,22.0,0.0,11.9,1006.5,Moderate
2019-05-02 00:00:00,5,3,13.9,11.0,18.5,0.0,11.5,1008.0,Good
2019-05-03 00:00:00,5,4,15.9,9.0,24.0,0.8,10.7,1009.9,Good
2019-05-04 00:00:00,5,5,16.6,10.0,22.0,0.0,9.3,1009.4,Good
2019-05-05 00:00:00,5,6,17.1,13.0,20.0,0.0,15.8,1006.4,Good
2019-05-06 00:00:00,5,0,16.9,12.0,22.0,0.3,12.9,1003.7,Good
2019-05-07 00:00:00,5,1,10.9,9.0,14.6,0.8,22.0,1007.1,Good
2019-05-08 00:00:00,5,2,10.9,8.0,15.2,0.0,9.3,1014.3,Good
2019-05-09 00:00:00,5,3,12.9,9.0,17.8,0.0,10.6,1012.3,Good
2019-05-10 00:00:00,5,4,13.9,11.0,18.0,0.5,7.1,1007.5,Moderate
2019-05-11 00:00:00,5,5,13.9,9.0,19.0,9.4,8.5,1012.7,Good
2019-05-12 00:00:00,5,6,14.2,8.0,19.0,4.8,9.6,1018.1,Good
2019-05-13 00:00:00,5,0,14.3,10.0,18.0,0.0,11.8,1019.4,Good
2019-05-14 00:00:00,5,1,14.7,11.0,17.0,0.3,12.5,1016.2,Good
2019-05-15 00:00:00,5,2,15.7,12.0,20.0,0.0,9.5,1011.3,Good
2019-05-16 00:00:00,5,3,16.3,13.0,23.0,0.0,6.0,1010.5,Moderate
2019-05-17 00:00:00,5,4,17.3,10.0,24.0,0.0,11.8,1009.8,Moderate
2019-05-18 00:00:00,5,5,20.2,16.0,27.2,1.3,16.1,1007.3,Moderate
2019-05-19 00:00:00,5,6,20.7,13.0,28.0,0.0,9.5,1008.6,Moderate
2019-05-20 00:00:00,5,0,18.9,16.0,23.0,0.0,12.2,1008.5,Moderate
2019-05-21 00:00:00,5,1,17.4,12.0,24.0,0.0,9.6,1011.0,Good
2019-05-22 00:00:00,5,2,17.9,10.0,26.0,12.2,6.1,1012.8,Good
2019-05-23 00:00:00,5,3,19.2,11.0,26.4,0.0,8.5,1011.8,Good
2019-05-24 00:00:00,5,4,17.0,14.9,19.0,1.5,8.8,1009.3,Good
2019-05-25 00:00:00,5,5,16.7,13.0,22.5,8.9,9.4,1009.9,Moderate
2019-05-26 00:00:00,5,6,19.3,13.0,25.0,7.9,9.0,1014.8,Moderate
2019-05-27 00:00:00,5,0,18.4,13.0,23.0,0.0,8.6,1016.5,Moderate
2019-05-28 00:00:00,5,1,18.9,13.0,22.0,0.0,11.7,1012.3,Good
2019-05-29 00:00:00,5,2,22.2,15.0,29.0,0.0,8.4,1009.6,Moderate
2019-05-30 00:00:00,5,3,22.8,14.0,28.0,0.0,10.0,1014.2,Moderate
2019-05-31 00:00:00,5,4,21.5,18.0,27.8,1.8,13.3,1015.3,Moderate
2019-06-01 00:00:00,6,5,20.6,16.0,26.2,0.0,11.1,1014.8,Moderate
2019-06-02 00:00:00,6,6,21.2,19.0,26.2,0.0,10.8,1013.9,Good
2019-06-03 00:00:00,6,0,20.7,17.0,25.6,0.0,8.3,1012.5,Good
2019-06-04 00:00:00,6,1,19.6,16.0,24.8,1.8,10.9,1012.5,Moderate
2019-06-05 00:00:00,6,2,20.3,16.0,25.0,0.0,11.5,1013.0,Moderate
2019-06-06 00:00:00,6,3,21.3,17.0,25.6,0.0,9.3,1014.4,Moderate
2019-06-07 00:00:00,6,4,22.1,15.0,28.0,0.0,6.7,1016.4,Moderate
2019-06-08 00:00:00,6,5,22.4,17.0,30.0,9.4,7.8,1016.8,Moderate
2019-06-09 00:00:00,6,6,21.2,16.0,27.0,3.6,8.0,1017.4,Good
2019-06-10 00:00:00,6,0,22.6,18.0,27.7,5.1,12.3,1014.4,Good
2019-06-11 00:00:00,6,1,22.6,19.0,27.0,0.0,9.3,1010.0,Good
2019-06-12 00:00:00,6,2,23.9,19.0,31.0,0.0,10.3,1010.9,Good
2019-06-13 00:00:00,6,3,24.7,20.0,32.0,8.1,10.8,1013.2,Good
2019-06-14 00:00:00,6,4,23.9,18.0,31.5,2.5,14.6,1014.6,Good
2019-06-15 00:00:00,6,5,25.1,21.0,30.0,0.3,13.7,1013.3,Good
2019-06-16 00:00:00,6,6,24.3,20.0,32.0,0.0,12.7,1011.6,Good
2019-06-17 00:00:00,6,0,25.4,18.0,32.0,0.0,9.2,1012.0,Good
2019-06-18 00:00:00,6,1,24.4,20.0,30.3,0.0,13.7,1013.3,Good
2019-06-19 00:00:00,6,2,23.9,16.0,30.2,0.0,10.2,1012.4,Good
2019-06-20 00:00:00,6,3,22.0,17.0,32.0,0.0,13.9,1011.0,Good
2019-06-21 00:00:00,6,4,23.0,17.0,31.0,0.0,7.2,1012.5,Moderate
2019-06-22 00:00:00,6,5,26.2,22.0,32.4,0.0,12.5,1013.7,Good
2019-06-23 00:00:00,6,6,25.0,18.0,31.0,0.0,9.1,1013.8,Good
2019-06-24 00:00:00,6,0,24.9,21.0,31.0,0.0,7.8,1014.2,Good
2019-06-25 00:00:00,6,1,23.7,21.0,31.0,0.0,14.6,1017.1,Moderate
2019-06-26 00:00:00,6,2,26.1,22.0,31.0,12.2,18.3,1019.5,Moderate
2019-06-27 00:00:00,6,3,26.2,20.0,33.0,0.0,8.0,1015.4,Moderate
2019-06-28 00:00:00,6,4,24.2,19.0,29.4,0.0,11.7,1010.3,Moderate
2019-06-29 00:00:00,6,5,21.1,15.8,26.5,4.3,13.2,1015.8,Moderate
2019-06-30 00:00:00,6,6,22.2,18.0,28.5,0.0,14.0,1018.3,Moderate
2019-07-01 00:00:00,7,0,23.7,16.0,31.0,0.0,9.1,1017.7,Moderate
2019-07-02 00:00:00,7,1,23.7,17.0,30.0,0.0,7.5,1014.5,Moderate
2019-07-03 00:00:00,7,2,25.0,17.0,32.0,0.0,11.3,1012.3,Moderate
2019-07-04 00:00:00,7,3,23.8,20.0,30.0,3.8,12.7,1016.3,Moderate
2019-07-05 00:00:00,7,4,23.0,19.0,28.0,0.0,7.5,1015.2,Moderate
2019-07-06 00:00:00,7,5,22.6,16.0,30.0,0.0,8.5,1011.6,Moderate
2019-07-07 00:00:00,7,6,24.6,18.0,30.2,19.3,10.0,1010.0,Moderate
2019-07-08 00:00:00,7,0,24.9,21.0,30.5,0.0,14.0,1008.1,Moderate
2019-07-09 00:00:00,7,1,23.6,18.0,30.2,0.0,7.8,1011.4,Moderate
2019-07-10 00:00:00,7,2,21.2,19.0,26.0,0.0,9.0,1009.3,Moderate
2019-07-11 00:00:00,7,3,20.3,16.0,26.4,0.8,14.1,1009.3,Moderate
2019-07-12 00:00:00,7,4,19.4,13.0,26.0,0.0,8.5,1010.8,Good
2019-07-13 00:00:00,7,5,20.8,13.0,28.0,0.0,10.0,1010.7,Good
2019-07-14 00:00:00,7,6,18.9,17.0,25.2,0.0,8.9,1007.2,Good
2019-07-15 00:00:00,7,0,21.2,16.0,27.0,16.5,12.1,1007.6,Good
2019-07-16 00:00:00,7,1,20.2,17.0,26.7,0.0,8.4,1009.8,Good
2019-07-17 00:00:00,7,2,22.2,16.0,28.5,0.8,11.2,1008.8,Good
2019-07-18 00:00:00,7,3,21.9,15.0,27.8,0.0,10.2,1010.8,Good
2019-07-19 00:00:00,7,4,22.5,17.0,28.0,0.0,9.1,1015.8,Good
2019-07-20 00:00:00,7,5,22.3,16.0,28.0,0.0,9.8,1018.3,Good
2019-07-21 00:00:00,7,6,23.3,16.0,29.5,0.0,9.3,1018.5,Good
2019-07-22 00:00:00,7,0,24.4,17.0,31.0,0.0,8.6,1017.3,Good
2019-07-23 00:00:00,7,1,22.8,18.0,29.5,0.0,9.8,1014.0,Good
2019-07-24 00:00:00,7,2,21.9,18.8,28.0,20.6,9.4,1013.3,Good
2019-07-25 00:00:00,7,3,23.3,17.0,29.0,0.0,11.0,1015.8,Good
2019-07-26 00:00:00,7,4,23.6,17.0,30.0,0.0,8.7,1013.1,Good
2019-07-27 00:00:00,7,5,23.2,17.0,29.0,0.0,10.1,1008.9,Good
2019-07-28 00:00:00,7,6,23.4,16.0,29.0,0.0,9.1,1008.4,Good
2019-07-29 00:00:00,7,0,24.1,19.0,28.8,0.0,7.6,1004.7,Good
2019-07-30 00:00:00,7,1,24.9,20.0,30.2,0.0,7.7,1005.6,Good
2019-07-31 00:00:00,7,2,26.5,20.0,32.0,0.0,8.0,1007.6,Good
2019-08-01 00:00:00,8,3,25.0,21.0,30.5,0.0,7.5,1010.1,Good
2019-08-02 00:00:00,8,4,25.3,20.0,31.3,0.0,8.3,1010.8,Good
2019-08-03 00:00:00,8,5,24.8,20.0,32.0,0.0,11.5,1005.3,Good
2019-08-04 00:00:00,8,6,20.8,18.0,27.2,5.6,16.2,1008.3,Good
2019-08-05 00:00:00,8,0,20.7,14.0,28.6,0.0,9.5,1013.8,Good
2019-08-06 00:00:00,8,1,22.4,15.0,29.7,0.0,8.4,1015.5,Good
2019-08-07 00:00:00,8,2,22.9,16.0,30.7,0.0,9.5,1016.3,Good
2019-08-08 00:00:00,8,3,23.1,18.0,29.3,0.0,9.9,1014.3,Good
2019-08-09 00:00:00,8,4,23.6,18.0,30.0,0.0,9.2,1012.6,Good
2019-08-10 00:00:00,8,5,24.2,18.0,31.0,0.0,11.1,1014.7,Good
2019-08-11 00:00:00,8,6,23.8,19.0,30.0,0.0,9.1,1017.2,Good
2019-08-12 00:00:00,8,0,24.3,17.0,30.0,0.0,10.0,1016.9,Good
2019-08-13 00:00:00,8,1,25.2,19.0,31.0,0.0,12.9,1014.4,Good
2019-08-14 00:00:00,8,2,24.2,19.0,29.0,0.0,12.6,1009.3,Good
2019-08-15 00:00:00,8,3,24.1,20.0,31.2,0.0,13.7,1008.7,Good
2019-08-16 00:00:00,8,4,20.7,17.0,25.6,0.5,10.1,1012.9,Good
2019-08-17 00:00:00,8,5,21.8,17.0,27.0,0.0,9.1,1013.9,Good
2019-08-18 00:00:00,8,6,21.6,15.0,29.8,0.0,10.7,1015.7,Good
2019-08-19 00:00:00,8,0,21.3,14.0,30.0,0.0,9.7,1017.8,Good
2019-08-20 00:00:00,8,1,21.8,14.0,28.2,0.0,10.1,1019.5,Good
2019-08-21 00:00:00,8,2,25.6,15.4,33.2,0.0,10.9,1017.5,Good
2019-08-22 00:00:00,8,3,28.2,23.0,34.0,0.0,17.1,1017.2,Good
2019-08-23 00:00:00,8,4,27.0,20.6,34.2,0.0,20.0,1018.6,Good
2019-08-24 00:00:00,8,5,27.7,24.0,34.0,0.0,14.7,1018.7,Good
2019-08-25 00:00:00,8,6,27.2,22.0,33.0,0.0,12.9,1017.4,Good
2019-08-26 00:00:00,8,0,27.8,23.0,34.0,0.0,12.1,1018.8,Good
2019-08-27 00:00:00,8,1,25.4,18.0,32.0,0.0,10.8,1019.3,Good
2019-08-28 00:00:00,8,2,23.6,16.0,30.2,0.0,11.6,1019.4,Good
2019-08-29 00:00:00,8,3,22.6,15.0,30.0,0.0,9.6,1018.5,Good
2019-08-30 00:00:00,8,4,22.2,16.0,28.2,0.0,11.6,1018.1,Good
2019-08-31 00:00:00,8,5,22.7,17.0,30.0,0.0,14.3,1017.0,Good
2019-09-01 00:00:00,9,6,23.1,18.0,28.0,0.0,12.1,1013.8,Good
2019-09-02 00:00:00,9,0,21.8,14.0,30.0,0.0,9.7,1014.4,Good
2019-09-03 00:00:00,9,1,21.8,15.0,30.2,0.0,7.8,1014.7,Good
2019-09-04 00:00:00,9,2,22.3,17.0,28.0,0.0,9.6,1014.5,Good
2019-09-05 00:00:00,9,3,20.3,18.0,25.1,0.0,9.8,1014.9,Good
2019-09-06 00:00:00,9,4,20.0,13.0,29.6,0.0,7.2,1016.1,Good
2019-09-07 00:00:00,9,5,21.7,15.0,28.3,0.0,11.3,1016.9,Good
2019-09-08 00:00:00,9,6,22.1,17.0,26.2,0.0,12.7,1018.0,Good
2019-09-09 00:00:00,9,0,21.9,16.0,27.2,0.0,14.2,1016.7,Good
2019-09-10 00:00:00,9,1,22.1,17.0,27.0,0.0,12.8,1016.2,Good
2019-09-11 00:00:00,9,2,21.8,17.0,28.0,0.0,13.1,1019.3,Good
2019-09-12 00:00:00,9,3,22.3,17.0,28.4,0.0,12.3,1021.4,Good
2019-09-13 00:00:00,9,4,22.8,18.0,29.0,0.0,17.4,1022.4,Good
2019-09-14 00:00:00,9,5,22.3,15.0,30.6,0.0,10.2,1022.0,Good
2019-09-15 00:00:00,9,6,19.6,15.0,25.2,0.0,14.4,1024.3,Good
2019-09-16 00:00:00,9,0,18.9,12.0,27.9,0.0,8.1,1017.4,Good
2019-09-17 00:00:00,9,1,22.3,12.0,32.0,0.0,7.6,1012.0,Good
2019-09-18 00:00:00,9,2,22.3,15.0,33.0,0.0,10.5,1012.0,Good
2019-09-19 00:00:00,9,3,18.3,17.0,22.2,0.0,8.9,1019.7,Good
2019-09-20 00:00:00,9,4,14.0,11.0,20.1,10.2,11.9,1020.0,Good
2019-09-21 00:00:00,9,5,14.2,9.0,21.2,1.5,10.2,1025.3,Good
2019-09-22 00:00:00,9,6,14.2,6.0,24.0,0.0,8.6,1022.9,Good
2019-09-23 00:00:00,9,0,16.4,8.0,24.0,0.0,7.5,1015.6,Good
2019-09-24 00:00:00,9,1,18.3,17.0,20.2,0.3,10.1,1012.1,Good
2019-09-25 00:00:00,9,2,18.6,16.0,21.2,1.0,10.8,1011.8,Good
2019-09-26 00:00:00,9,3,20.2,17.0,25.2,1.8,9.5,1011.5,Good
2019-09-27 00:00:00,9,4,17.9,14.0,24.4,1.0,17.1,1013.5,Good
2019-09-28 00:00:00,9,5,17.2,10.0,24.6,0.0,10.1,1019.1,Good
2019-09-29 00:00:00,9,6,20.3,13.0,29.0,0.0,8.7,1014.9,Good
2019-09-30 00:00:00,9,0,22.2,17.0,29.0,0.0,7.5,1010.2,Moderate
2019-10-01 00:00:00,10,1,20.3,15.0,28.0,0.0,12.1,1012.3,Moderate
2019-10-02 00:00:00,10,2,19.5,15.0,25.8,0.0,12.3,1011.5,Moderate
2019-10-03 00:00:00,10,3,22.4,17.0,30.0,0.0,8.8,1006.4,Moderate
2019-10-06 00:00:00,10,6,12.9,9.0,19.5,0.3,8.4,1010.5,Good
2019-10-07 00:00:00,10,0,11.5,7.0,17.0,0.8,10.5,1014.3,Good
2019-10-08 00:00:00,10,1,11.5,9.0,17.6,0.0,14.1,1021.1,Good
2019-10-09 00:00:00,10,2,14.8,7.0,22.7,0.0,9.5,1021.9,Good
2019-10-10 00:00:00,10,3,17.6,9.0,27.3,0.0,7.8,1015.5,Good
2019-10-11 00:00:00,10,4,17.2,12.0,23.0,0.0,11.1,1020.6,Moderate
2019-10-12 00:00:00,10,5,14.9,8.0,23.7,0.0,6.9,1025.8,Good
2019-10-13 00:00:00,10,6,14.8,8.0,22.7,0.0,7.1,1024.0,Good
2019-10-14 00:00:00,10,0,15.1,9.0,21.8,0.0,6.0,1022.4,Good
2019-10-15 00:00:00,10,1,16.0,12.0,22.2,0.0,5.7,1019.6,Good
2019-10-16 00:00:00,10,2,16.5,13.0,21.5,0.0,6.7,1018.0,Good
2019-10-17 00:00:00,10,3,14.2,9.0,20.7,0.0,5.3,1018.6,Good
2019-10-18 00:00:00,10,4,14.8,9.0,21.0,0.0,7.2,1018.7,Good
2019-10-19 00:00:00,10,5,17.3,14.0,23.0,0.0,6.4,1018.8,Moderate
2019-10-20 00:00:00,10,6,16.9,14.0,21.6,0.0,5.7,1021.6,Moderate
2019-10-21 00:00:00,10,0,15.3,10.0,22.7,0.0,5.6,1023.0,Moderate
2019-10-22 00:00:00,10,1,15.1,12.0,25.3,0.0,6.6,1023.6,Moderate
2019-10-23 00:00:00,10,2,14.7,11.0,20.0,0.0,6.9,1023.0,Moderate
2019-10-24 00:00:00,10,3,14.2,9.0,20.5,0.0,6.0,1020.5,Moderate
2019-10-25 00:00:00,10,4,13.4,8.0,21.2,0.0,6.8,1019.7,Moderate
2019-10-26 00:00:00,10,5,13.9,9.0,18.0,0.0,4.0,1022.8,Moderate
2019-10-27 00:00:00,10,6,11.7,7.0,19.3,0.0,4.9,1020.6,Moderate
2019-10-28 00:00:00,10,0,11.6,5.0,20.2,0.0,6.0,1015.0,Moderate
2019-10-29 00:00:00,10,1,12.8,5.0,20.5,0.0,6.7,1016.0,Good
2019-10-30 00:00:00,10,2,11.0,10.0,16.0,0.0,8.9,1020.8,Moderate
2019-10-31 00:00:00,10,3,7.4,6.0,12.4,1.3,19.4,1021.8,Good
2019-11-01 00:00:00,11,4,7.1,5.0,9.5,4.1,17.5,1023.3,Good
2019-11-02 00:00:00,11,5,9.7,7.0,15.5,0.0,8.9,1020.5,Good
2019-11-03 00:00:00,11,6,13.2,6.0,19.0,0.0,10.8,1013.7,Good
2019-11-04 00:00:00,11,0,18.7,12.0,22.0,0.0,13.4,1008.7,Good
2019-11-05 00:00:00,11,1,17.8,13.0,23.6,0.0,7.7,1009.5,Good
2019-11-06 00:00:00,11,2,17.9,11.0,26.2,0.0,8.5,1008.5,Good
2019-11-07 00:00:00,11,3,17.9,16.2,25.8,0.0,9.8,1009.3,Good
2019-11-08 00:00:00,11,4,17.2,13.0,23.0,0.0,7.5,1012.4,Good
2019-11-09 00:00:00,11,5,17.4,13.0,24.0,0.0,8.7,1015.0,Good
2019-11-10 00:00:00,11,6,17.7,11.0,23.0,0.0,12.5,1013.4,Moderate
2019-11-11 00:00:00,11,0,15.1,11.0,22.2,0.0,8.1,1017.7,Good
2019-11-12 00:00:00,11,1,16.0,12.0,20.2,0.0,10.3,1018.2,Moderate
2019-11-13 00:00:00,11,2,15.7,14.0,18.2,0.0,10.1,1013.8,Moderate
2019-11-16 00:00:00,11,5,14.8,11.0,20.2,0.0,7.2,1022.3,Good
2019-11-17 00:00:00,11,6,15.0,13.0,18.2,0.0,12.9,1021.9,Good
2019-11-18 00:00:00,11,0,15.4,13.0,17.8,0.0,12.0,1020.6,Good
2019-11-19 00:00:00,11,1,16.1,14.0,20.4,0.0,12.3,1023.8,Moderate
2019-11-20 00:00:00,11,2,14.7,14.0,16.5,0.0,20.4,1022.3,Moderate
2019-11-21 00:00:00,11,3,13.5,11.0,15.5,0.3,23.8,1019.8,Good
2019-11-22 00:00:00,11,4,7.1,3.0,13.2,4.8,25.2,1021.1,Good
2019-11-23 00:00:00,11,5,6.2,3.4,10.4,6.1,8.6,1022.2,Good
2019-11-24 00:00:00,11,6,10.9,7.0,12.3,1.0,13.3,1020.7,Good
2019-11-25 00:00:00,11,0,12.8,11.0,15.5,5.6,18.9,1014.8,Good
2019-11-26 00:00:00,11,1,7.9,5.0,13.4,5.8,22.0,1010.2,Good
2019-11-27 00:00:00,11,2,6.2,4.0,11.7,8.1,10.6,1013.1,Moderate
2019-11-28 00:00:00,11,3,9.1,4.0,16.0,0.0,4.8,1010.3,Moderate
2019-11-29 00:00:00,11,4,11.0,8.0,14.0,0.0,9.7,1005.5,Moderate
2019-11-30 00:00:00,11,5,9.0,6.0,14.7,1.5,12.0,1011.2,Good
2019-12-01 00:00:00,12,6,3.8,0.0,10.1,1.0,12.8,1024.2,Good
2019-12-02 00:00:00,12,0,3.8,-3.0,11.4,0.0,7.6,1023.2,Moderate
2019-12-03 00:00:00,12,1,3.6,1.0,8.1,0.5,7.7,1021.4,Good
2019-12-04 00:00:00,12,2,1.6,0.9,6.0,6.9,13.3,1029.3,Good
2019-12-05 00:00:00,12,3,0.6,-5.0,9.0,0.0,6.1,1031.8,Moderate
2019-12-06 00:00:00,12,4,4.0,-1.0,12.5,0.0,8.1,1026.5,Moderate
2019-12-07 00:00:00,12,5,3.9,-2.0,10.4,0.0,5.6,1017.9,Moderate
2019-12-08 00:00:00,12,6,7.3,4.0,14.0,0.0,9.6,1017.9,Moderate
2019-12-09 00:00:00,12,0,5.4,-1.0,14.1,0.0,5.8,1015.9,Moderate
2019-12-10 00:00:00,12,1,6.7,3.0,14.3,0.0,6.5,1013.3,Moderate
2019-12-11 00:00:00,12,2,8.7,2.0,12.0,0.0,12.9,1015.4,Moderate
2019-12-12 00:00:00,12,3,10.3,9.0,12.1,0.8,16.7,1009.5,Good
2019-12-13 00:00:00,12,4,9.8,8.0,12.2,0.0,8.6,1003.1,Good
2019-12-14 00:00:00,12,5,11.2,9.0,16.5,0.0,10.6,1001.5,Moderate
2019-12-15 00:00:00,12,6,8.6,5.0,15.0,2.3,12.0,1016.4,Good
2019-12-16 00:00:00,12,0,7.9,3.0,17.0,0.0,6.3,1022.9,Moderate
2019-12-17 00:00:00,12,1,7.3,2.0,17.9,0.0,5.3,1022.3,Good
2019-12-18 00:00:00,12,2,9.0,3.0,19.2,0.0,6.9,1023.3,Moderate
2019-12-19 00:00:00,12,3,8.1,3.0,16.1,0.0,5.4,1026.0,Good
2019-12-20 00:00:00,12,4,10.0,3.0,14.0,0.0,6.7,1019.2,Moderate
2019-12-21 00:00:00,12,5,11.3,6.0,16.2,0.0,5.4,1010.0,Moderate
2019-12-22 00:00:00,12,6,16.1,10.8,20.6,0.0,17.6,1000.8,Moderate
2019-12-23 00:00:00,12,0,12.9,9.0,17.5,0.0,16.0,993.0,Good
2019-12-24 00:00:00,12,1,8.5,7.0,12.4,0.3,19.8,1000.0,Good
2019-12-25 00:00:00,12,2,6.2,5.0,8.4,10.9,15.0,1006.7,Good
2019-12-26 00:00:00,12,3,5.4,3.0,8.2,3.8,11.6,1012.6,Good
2019-12-27 00:00:00,12,4,4.6,3.0,7.2,0.0,10.7,1016.8,Moderate
2019-12-28 00:00:00,12,5,1.7,-1.0,7.0,0.0,9.7,1019.4,Good
2019-12-29 00:00:00,12,6,1.5,0.5,3.0,0.0,20.5,1023.2,Good
2020-01-06 00:00:00,1,0,2.3,0.8,5.4,0.0,23.1,1022.4,Good
2020-01-07 00:00:00,1,1,-0.2,-2.0,3.6,0.0,17.8,1025.3,Good
2020-01-08 00:00:00,1,2,-1.4,-5.0,3.4,0.0,13.2,1029.7,Good
2020-01-09 00:00:00,1,3,1.4,-5.0,8.0,0.0,8.9,1026.9,Good
2020-01-10 00:00:00,1,4,2.8,-1.0,11.0,0.0,5.6,1023.7,Good
2020-01-11 00:00:00,1,5,5.7,2.9,11.9,0.0,7.5,1022.4,Good
2020-01-12 00:00:00,1,6,5.4,1.0,10.2,0.0,9.2,1028.3,Moderate
2020-01-13 00:00:00,1,0,1.2,0.8,9.7,0.0,5.4,1027.9,Moderate
2020-01-14 00:00:00,1,1,2.2,-3.0,10.0,0.0,6.0,1026.1,Moderate
2020-01-15 00:00:00,1,2,1.7,-3.0,7.0,0.0,4.6,1030.2,Good
2020-01-16 00:00:00,1,3,4.2,-1.0,8.3,0.0,4.8,1029.9,Good
2020-01-17 00:00:00,1,4,2.6,2.0,6.2,0.0,17.4,1030.1,Good
2020-01-18 00:00:00,1,5,3.6,1.8,7.2,0.0,16.8,1028.3,Moderate
2020-01-19 00:00:00,1,6,3.5,3.0,5.5,0.0,19.3,1026.0,Good
2020-01-20 00:00:00,1,0,1.1,0.0,3.6,0.0,18.5,1037.4,Good
2020-01-21 00:00:00,1,1,1.7,-0.6,7.0,0.0,14.5,1038.5,Moderate
2020-01-22 00:00:00,1,2,4.2,-1.0,11.2,0.0,16.0,1026.4,Moderate
2020-01-23 00:00:00,1,3,3.7,0.0,8.7,0.0,18.9,1026.6,Moderate
2020-01-24 00:00:00,1,4,1.4,-5.0,9.0,0.0,6.5,1030.2,Moderate
2020-01-25 00:00:00,1,5,5.2,-5.0,16.7,0.0,9.3,1022.4,Good
2020-01-26 00:00:00,1,6,5.3,-1.0,15.0,0.0,6.8,1022.4,Moderate
2020-01-27 00:00:00,1,0,6.7,1.0,12.0,0.0,4.4,1016.6,Moderate
2020-01-28 00:00:00,1,1,6.9,4.0,12.5,0.5,15.3,1011.8,Moderate
2020-01-29 00:00:00,1,2,5.7,1.0,13.0,0.0,11.1,1007.8,Good
2020-01-30 00:00:00,1,3,4.8,1.0,11.5,0.3,13.1,1013.3,Good
2020-01-31 00:00:00,1,4,6.3,-2.0,12.5,0.0,10.2,1014.3,Good
2020-02-01 00:00:00,2,5,11.4,6.0,18.7,0.0,14.7,1013.4,Good
2020-02-02 00:00:00,2,6,12.0,4.0,21.0,0.0,12.8,1013.4,Good
2020-02-03 00:00:00,2,0,14.2,10.0,20.6,0.0,21.9,1008.7,Good
2020-02-04 00:00:00,2,1,10.4,5.0,17.5,0.0,11.3,1005.3,Good
2020-02-05 00:00:00,2,2,5.7,3.0,14.5,1.3,22.6,993.0,Good
2020-02-06 00:00:00,2,3,-0.9,-2.0,6.7,14.5,39.4,1009.0,Good
2020-02-07 00:00:00,2,4,-0.2,-2.0,5.3,0.0,17.9,1018.2,Good
2020-02-08 00:00:00,2,5,-3.5,-6.0,1.3,0.0,15.6,1029.5,Good
2020-02-09 00:00:00,2,6,-0.2,-4.1,7.3,0.0,6.0,1031.2,Good
2020-02-10 00:00:00,2,0,4.1,-4.0,12.2,0.0,6.0,1020.3,Good
2020-02-11 00:00:00,2,1,8.5,6.0,13.8,0.0,17.1,1007.0,Good
2020-02-12 00:00:00,2,2,6.9,4.0,12.6,1.8,20.3,1014.2,Good
2020-02-13 00:00:00,2,3,5.4,0.0,13.0,0.0,12.2,1022.8,Good
2020-02-14 00:00:00,2,4,4.9,-1.0,12.0,0.0,9.8,1019.5,Moderate
2020-02-15 00:00:00,2,5,7.6,2.0,12.6,0.0,11.1,1022.6,Moderate
2020-02-16 00:00:00,2,6,4.3,1.0,11.3,0.0,9.2,1031.5,Moderate
2020-02-17 00:00:00,2,0,3.9,-2.0,11.1,0.0,9.6,1027.8,Good
2020-02-18 00:00:00,2,1,6.6,2.0,13.0,0.0,10.9,1019.7,Moderate
2020-02-19 00:00:00,2,2,8.1,3.0,11.0,0.0,7.8,1018.7,Good
2020-02-20 00:00:00,2,3,6.9,6.0,9.0,2.0,11.7,1016.2,Moderate
2020-02-21 00:00:00,2,4,5.5,3.0,9.7,0.0,13.9,1020.2,Moderate
2020-02-22 00:00:00,2,5,4.4,2.0,9.4,0.0,7.4,1025.6,Moderate
2020-02-23 00:00:00,2,6,5.4,-3.0,13.5,0.0,8.8,1022.1,Moderate
2020-02-24 00:00:00,2,0,10.1,4.0,20.0,0.0,16.7,1010.6,Moderate
2020-02-25 00:00:00,2,1,7.6,-4.0,15.0,0.0,9.7,1015.7,Moderate
2020-02-26 00:00:00,2,2,13.6,6.8,19.0,0.0,11.5,1002.5,Good
2020-02-27 00:00:00,2,3,11.7,6.0,17.0,0.0,18.8,1001.2,Good
2020-02-28 00:00:00,2,4,5.7,0.0,11.5,1.0,14.5,1009.5,Good
2020-02-29 00:00:00,2,5,4.8,1.0,9.6,0.5,16.1,1015.1,Good
2020-03-01 00:00:00,3,6,5.7,-1.0,11.0,0.0,11.9,1017.5,Good
2020-03-02 00:00:00,3,0,11.4,4.0,20.7,0.0,11.0,1010.4,Good
2020-03-03 00:00:00,3,1,15.6,8.0,23.1,0.0,12.6,1009.8,Good
2020-03-04 00:00:00,3,2,13.8,10.0,19.0,0.0,12.7,1008.4,Good
2020-03-05 00:00:00,3,3,9.6,7.0,11.9,0.0,9.3,1007.1,Good
2020-03-06 00:00:00,3,4,9.6,7.0,15.0,0.0,13.5,1007.5,Good
2020-03-07 00:00:00,3,5,14.4,7.0,22.0,0.0,8.8,1009.3,Good
2020-03-08 00:00:00,3,6,12.5,7.0,18.0,0.0,8.6,1014.4,Good
2020-03-09 00:00:00,3,0,11.9,7.0,18.0,0.0,11.1,1011.1,Good
2020-03-10 00:00:00,3,1,9.8,9.0,13.7,0.0,18.0,1007.5,Good
2020-03-11 00:00:00,3,2,10.7,7.0,17.0,0.0,12.1,1015.4,Good
2020-03-12 00:00:00,3,3,11.2,7.0,17.0,0.0,10.5,1019.0,Good
2020-03-13 00:00:00,3,4,9.7,3.0,19.0,0.0,8.7,1013.0,Good
2020-03-14 00:00:00,3,5,8.9,5.0,13.4,3.8,10.9,1016.2,Good
2020-03-15 00:00:00,3,6,4.5,1.0,9.9,11.2,15.9,1023.5,Good
2020-03-16 00:00:00,3,0,2.8,-1.0,9.0,5.1,12.1,1032.8,Good
2020-03-17 00:00:00,3,1,3.1,-5.0,10.6,0.0,9.4,1029.5,Good
2020-03-18 00:00:00,3,2,4.8,1.0,10.2,0.0,10.7,1027.6,Good
2020-03-19 00:00:00,3,3,6.2,0.0,14.0,0.0,12.6,1024.9,Good
2020-03-20 00:00:00,3,4,9.3,1.0,20.0,0.0,6.4,1020.4,Moderate
2020-03-21 00:00:00,3,5,8.8,2.0,15.0,0.0,9.8,1016.1,Moderate
2020-03-22 00:00:00,3,6,7.7,5.0,11.8,0.0,11.0,1015.3,Good
2020-03-23 00:00:00,3,0,4.7,3.0,7.5,8.4,17.8,1020.4,Good
2020-03-24 00:00:00,3,1,4.2,3.0,5.7,8.4,22.5,1022.6,Good
2020-03-25 00:00:00,3,2,4.4,3.0,6.2,0.3,20.6,1026.4,Good
2020-03-26 00:00:00,3,3,7.8,5.0,12.2,0.0,17.8,1022.6,Good
2020-03-27 00:00:00,3,4,9.8,6.0,16.0,0.0,13.0,1016.8,Good
2020-03-28 00:00:00,3,5,10.2,4.0,18.2,0.0,10.9,1011.1,Good
2020-03-29 00:00:00,3,6,13.1,8.0,19.0,0.0,16.5,1006.5,Good
2020-03-30 00:00:00,3,0,12.8,8.0,20.0,0.0,9.8,1009.0,Moderate
2020-03-31 00:00:00,3,1,5.1,3.0,11.2,0.0,11.0,1017.8,Good
2020-04-12 00:00:00,4,6,9.0,2.0,16.0,0.0,8.5,1025.4,Good
2020-04-13 00:00:00,4,0,10.1,4.0,16.0,0.0,12.5,1019.1,Moderate
2020-04-14 00:00:00,4,1,15.3,6.0,24.0,0.0,13.2,1009.1,Good
2020-04-15 00:00:00,4,2,6.5,3.0,17.8,3.8,13.3,1019.7,Good
2020-04-16 00:00:00,4,3,10.8,3.0,17.0,0.0,10.6,1021.5,Good
2020-04-17 00:00:00,4,4,13.5,4.0,24.0,0.0,7.7,1013.6,Good
2020-04-18 00:00:00,4,5,14.9,8.0,26.0,0.0,9.7,1013.1,Moderate
2020-04-19 00:00:00,4,6,14.9,6.0,23.0,0.0,7.4,1011.6,Good
2020-04-20 00:00:00,4,0,10.7,7.0,15.2,0.0,12.0,1015.3,Good
2020-04-21 00:00:00,4,1,8.8,2.0,14.3,0.3,10.3,1020.3,Good
2020-04-22 00:00:00,4,2,9.1,4.0,15.0,0.0,15.3,1021.2,Good
2020-04-23 00:00:00,4,3,8.3,1.0,16.7,0.0,11.4,1020.6,Good
2020-04-24 00:00:00,4,4,8.4,0.0,16.0,0.0,10.3,1015.3,Good
2020-04-25 00:00:00,4,5,11.3,2.0,20.0,0.0,11.5,1007.3,Good
2020-04-26 00:00:00,4,6,13.3,7.0,18.0,0.0,13.3,1006.4,Good
2020-04-27 00:00:00,4,0,12.5,9.0,18.0,0.0,10.4,1012.8,Good
2020-04-28 00:00:00,4,1,12.4,8.0,18.0,0.0,12.7,1015.2,Good
2020-04-29 00:00:00,4,2,14.8,8.0,20.0,0.0,11.4,1009.8,Good
2020-04-30 00:00:00,4,3,16.2,10.0,23.0,0.0,8.9,1006.7,Moderate
2020-05-01 00:00:00,5,4,17.3,11.0,24.0,2.5,9.3,1007.9,Good
2020-05-02 00:00:00,5,5,16.9,12.0,24.0,0.0,9.7,1006.6,Good
2020-05-03 00:00:00,5,6,15.4,13.0,20.0,2.3,7.3,1004.9,Good
2020-05-04 00:00:00,5,0,14.2,11.8,18.1,3.3,16.3,1007.7,Good
2020-05-05 00:00:00,5,1,15.4,12.0,22.0,0.3,14.2,1012.1,Good
2020-05-06 00:00:00,5,2,12.4,8.0,18.6,0.0,13.1,1009.3,Unhealthy for Sensitive Groups
2020-05-13 00:00:00,5,2,13.2,11.0,26.0,0.0,14.0,1019.8,Moderate
2020-05-14 00:00:00,5,3,18.3,10.0,25.0,0.0,9.7,1014.6,Good
2020-05-15 00:00:00,5,4,17.2,13.0,22.0,0.0,11.1,1011.3,Moderate
2020-05-16 00:00:00,5,5,20.1,13.6,30.0,0.0,14.3,1016.9,Good
2020-05-17 00:00:00,5,6,16.7,13.0,21.0,0.0,10.0,1019.7,Moderate
2020-05-18 00:00:00,5,0,18.9,15.0,22.0,0.0,11.3,1021.3,Good
2020-05-19 00:00:00,5,1,18.0,13.0,24.0,0.0,9.6,1019.3,Good
2020-05-20 00:00:00,5,2,19.8,13.0,29.0,0.0,8.3,1009.9,Good
2020-05-21 00:00:00,5,3,13.8,10.0,19.0,0.0,17.2,1011.3,Good
2020-05-22 00:00:00,5,4,14.2,10.0,20.0,4.6,13.5,1018.2,Good
2020-05-23 00:00:00,5,5,12.4,9.0,17.5,6.9,11.4,1022.0,Good
2020-05-24 00:00:00,5,6,15.4,6.0,24.0,0.0,11.3,1021.1,Good
2020-05-25 00:00:00,5,0,15.4,14.0,20.1,1.8,10.0,1020.1,Good
2020-05-26 00:00:00,5,1,13.8,12.0,20.3,2.3,9.1,1019.4,Good
2020-05-27 00:00:00,5,2,15.4,11.0,21.8,0.0,11.2,1018.5,Good
2020-05-28 00:00:00,5,3,15.6,12.0,22.5,1.8,12.0,1014.9,Good
2020-05-29 00:00:00,5,4,13.6,10.0,19.4,0.0,9.6,1013.6,Good
2020-05-30 00:00:00,5,5,15.5,11.0,22.2,2.5,9.0,1012.7,Good
2020-05-31 00:00:00,5,6,15.6,10.0,23.0,0.5,9.8,1011.6,Good
2020-06-01 00:00:00,6,0,17.2,11.0,23.3,12.4,13.0,1009.7,Good
2020-06-02 00:00:00,6,1,14.6,12.0,19.6,0.0,8.4,1008.3,Good
2020-06-03 00:00:00,6,2,14.9,9.0,20.0,6.6,9.6,1007.8,Good
2020-06-04 00:00:00,6,3,16.7,9.0,23.0,0.0,10.3,1008.6,Good
2020-06-05 00:00:00,6,4,21.3,13.0,28.0,0.0,9.5,1009.5,Good
2020-06-06 00:00:00,6,5,21.0,15.0,27.0,0.0,9.5,1010.1,Good
2020-06-07 00:00:00,6,6,19.8,15.0,24.0,0.0,10.6,1007.5,Moderate
2020-06-08 00:00:00,6,0,20.3,16.0,26.0,0.0,10.5,1007.6,Moderate
2020-06-09 00:00:00,6,1,22.4,16.0,29.0,0.0,8.2,1008.7,Moderate
2020-06-10 00:00:00,6,2,22.5,17.7,28.0,0.0,8.4,1008.8,Moderate
2020-06-11 00:00:00,6,3,20.2,16.0,26.0,0.0,9.0,1006.2,Good
2020-06-12 00:00:00,6,4,19.8,15.0,25.0,1.5,11.4,1004.9,Good
2020-06-13 00:00:00,6,5,19.8,14.0,27.0,0.0,7.3,1004.7,Good
2020-06-14 00:00:00,6,6,20.6,17.0,27.0,0.5,8.5,1004.1,Good
2020-06-15 00:00:00,6,0,19.8,19.0,22.0,38.1,4.3,1006.9,Good
2020-06-16 00:00:00,6,1,19.8,17.0,23.6,24.4,5.6,1008.2,Good
2020-06-17 00:00:00,6,2,19.4,17.0,24.0,0.3,5.7,1007.1,Moderate
2020-06-18 00:00:00,6,3,20.9,17.0,26.6,1.0,5.2,1007.7,Moderate
2020-06-19 00:00:00,6,4,21.2,17.0,29.0,0.0,9.6,1008.2,Moderate
2020-06-20 00:00:00,6,5,23.0,18.0,29.3,4.3,11.4,1007.4,Good
2020-06-21 00:00:00,6,6,20.3,17.0,25.5,1.0,10.8,1005.9,Good
2020-06-22 00:00:00,6,0,20.7,16.0,27.0,9.9,9.1,1006.9,Good
2020-06-23 00:00:00,6,1,21.1,15.0,25.1,0.0,7.2,1009.5,Good
2020-06-24 00:00:00,6,2,21.3,19.0,26.0,0.0,8.9,1014.6,Good
2020-06-25 00:00:00,6,3,22.4,18.0,28.3,2.8,7.5,1018.8,Good
2020-06-26 00:00:00,6,4,23.7,20.0,28.0,0.3,16.9,1019.4,Good
2020-06-27 00:00:00,6,5,22.4,16.0,27.0,0.0,10.3,1018.1,Good
2020-06-28 00:00:00,6,6,22.9,15.0,30.0,0.0,7.2,1014.9,Good
2020-06-29 00:00:00,6,0,23.9,16.0,31.0,0.0,7.6,1009.7,Good
2020-06-30 00:00:00,6,1,26.3,19.0,33.0,0.0,8.4,1008.1,Good
2020-07-01 00:00:00,7,2,24.9,22.0,29.4,0.0,11.6,1012.4,Good
2020-07-02 00:00:00,7,3,23.6,20.0,28.2,0.0,8.5,1012.4,Good
2020-07-03 00:00:00,7,4,23.2,16.0,29.0,0.0,8.9,1010.0,Good
2020-07-04 00:00:00,7,5,25.4,19.0,32.0,0.0,8.7,1010.8,Good
2020-07-05 00:00:00,7,6,25.0,21.0,30.0,0.0,9.9,1010.4,Good
2020-07-06 00:00:00,7,0,26.1,22.0,31.4,0.0,12.1,1006.4,Good
2020-07-07 00:00:00,7,1,24.6,20.0,33.0,0.0,8.2,1004.0,Good
2020-07-08 00:00:00,7,2,19.9,16.0,26.5,1.0,16.9,1014.9,Good
2020-07-09 00:00:00,7,3,21.0,14.0,28.8,0.0,9.0,1018.5,Good
2020-07-10 00:00:00,7,4,22.2,15.0,27.0,0.0,12.3,1018.9,Good
2020-07-11 00:00:00,7,5,23.3,18.0,28.0,0.0,11.7,1016.5,Good
2020-07-12 00:00:00,7,6,23.6,15.0,31.6,0.0,7.5,1012.4,Good
2020-07-13 00:00:00,7,0,18.8,16.0,25.0,0.0,17.7,1014.4,Good
2020-07-14 00:00:00,7,1,19.8,16.0,26.7,0.0,12.6,1015.5,Good
2020-07-15 00:00:00,7,2,19.8,12.0,27.9,0.0,11.9,1015.5,Good
2020-07-16 00:00:00,7,3,21.1,14.0,27.9,0.0,9.0,1012.5,Good
2020-07-17 00:00:00,7,4,21.2,15.0,28.6,0.0,8.8,1011.2,Good
2020-07-18 00:00:00,7,5,23.6,15.0,31.0,0.0,10.4,1011.8,Good
2020-07-19 00:00:00,7,6,23.4,17.0,29.5,0.0,11.7,1011.3,Moderate
2020-07-20 00:00:00,7,0,23.8,19.0,30.0,0.0,14.6,1012.5,Good
2020-07-21 00:00:00,7,1,23.3,18.0,30.0,0.0,9.5,1016.3,Good
2020-07-22 00:00:00,7,2,24.4,18.0,30.0,0.0,10.2,1015.8,Good
2020-07-23 00:00:00,7,3,23.6,17.0,29.0,0.0,10.5,1013.7,Good
2020-07-24 00:00:00,7,4,23.1,17.0,28.1,0.0,10.0,1012.6,Good
2020-07-25 00:00:00,7,5,23.5,17.0,28.2,0.0,9.6,1011.7,Good
2020-07-26 00:00:00,7,6,24.2,16.0,32.0,0.0,9.1,1010.8,Good
2020-07-27 00:00:00,7,0,24.5,18.8,34.0,0.0,16.5,1012.4,Good
2020-07-28 00:00:00,7,1,25.1,19.0,31.1,14.2,10.5,1013.2,Good
2020-07-29 00:00:00,7,2,26.8,20.0,34.0,0.0,7.9,1014.3,Moderate
2020-07-30 00:00:00,7,3,25.5,19.0,32.0,0.0,9.2,1016.2,Good
2020-07-31 00:00:00,7,4,25.9,20.0,31.0,0.0,8.5,1012.0,Good
2020-08-01 00:00:00,8,5,24.3,21.0,28.0,1.3,11.3,1010.0,Good
2020-08-02 00:00:00,8,6,22.9,18.0,27.0,0.0,12.0,1012.2,Good
2020-08-03 00:00:00,8,0,22.2,15.0,27.2,0.0,12.3,1014.3,Good
2020-08-04 00:00:00,8,1,22.7,17.0,27.8,0.0,12.9,1011.8,Good
2020-08-05 00:00:00,8,2,24.4,20.0,30.0,0.0,14.4,1011.5,Good
2020-08-06 00:00:00,8,3,25.7,20.0,30.0,0.0,14.0,1013.6,Good
2020-08-10 00:00:00,8,0,25.4,21.0,32.0,0.0,15.5,1012.8,Good
2020-08-11 00:00:00,8,1,24.5,17.0,31.0,0.0,8.9,1013.9,Good
2020-08-12 00:00:00,8,2,25.4,19.0,33.0,0.0,6.8,1013.5,Moderate
2020-08-13 00:00:00,8,3,23.9,19.0,28.5,0.3,15.1,1015.6,Good
2020-08-14 00:00:00,8,4,23.3,17.0,29.9,0.0,10.1,1014.7,Good
2020-08-15 00:00:00,8,5,23.3,18.0,28.6,0.0,13.7,1014.4,Good
2020-08-16 00:00:00,8,6,23.1,20.0,27.2,0.0,15.2,1014.2,Good
2020-08-17 00:00:00,8,0,22.3,17.0,28.2,0.0,11.5,1015.3,Good
2020-08-18 00:00:00,8,1,21.1,13.0,28.3,0.0,8.1,1011.3,Moderate
2020-08-19 00:00:00,8,2,22.5,16.0,29.6,0.0,6.6,1007.1,Good
2020-08-20 00:00:00,8,3,23.1,20.0,29.6,0.3,9.6,1007.2,Good
2020-08-21 00:00:00,8,4,24.9,19.0,32.0,3.6,13.1,1012.8,Moderate
2020-09-13 00:00:00,9,6,22.8,19.0,28.0,0.0,10.3,1020.5,Good
2020-09-14 00:00:00,9,0,24.6,18.0,31.0,0.0,14.5,1023.2,Moderate
2020-09-15 00:00:00,9,1,23.7,19.0,29.0,0.0,15.3,1023.0,Moderate
2020-09-16 00:00:00,9,2,22.7,17.0,29.0,0.0,11.2,1020.4,Good
2020-09-17 00:00:00,9,3,20.9,16.0,28.3,0.0,9.2,1015.4,Good
2020-09-18 00:00:00,9,4,20.1,16.0,25.0,0.0,15.7,1017.3,Good
2020-09-19 00:00:00,9,5,16.6,14.0,21.0,0.0,14.8,1022.1,Good
2020-09-20 00:00:00,9,6,17.6,11.0,23.7,0.0,10.5,1019.4,Good
2020-09-21 00:00:00,9,0,19.6,14.0,25.1,0.0,12.1,1019.9,Good
2020-09-22 00:00:00,9,1,17.8,12.0,25.6,0.0,9.4,1019.8,Good
2020-09-23 00:00:00,9,2,18.9,11.0,26.9,0.0,8.8,1015.4,Good
2020-09-24 00:00:00,9,3,22.2,19.0,27.7,0.0,9.3,1011.3,Moderate
2020-09-25 00:00:00,9,4,21.6,17.0,27.1,0.0,11.5,1009.3,Moderate
2020-09-26 00:00:00,9,5,23.1,20.0,28.5,0.0,15.4,1000.6,Good
2020-09-27 00:00:00,9,6,18.4,14.0,26.4,2.8,9.8,1009.3,Good
2020-09-28 00:00:00,9,0,22.2,15.0,27.8,0.0,15.5,1015.4,Good
2020-09-29 00:00:00,9,1,19.9,16.0,25.9,0.0,10.5,1009.6,Good
2020-09-30 00:00:00,9,2,15.9,13.0,22.3,0.5,20.9,1007.9,Good
2020-10-01 00:00:00,10,3,16.4,12.0,22.1,0.0,8.7,1007.4,Good
2020-10-02 00:00:00,10,4,18.1,10.0,26.0,0.0,9.3,1012.0,Moderate
2020-10-03 00:00:00,10,5,20.6,14.0,27.3,0.0,10.5,1015.6,Good
2020-10-04 00:00:00,10,6,21.7,19.0,27.1,0.0,16.4,1015.7,Good
2020-10-05 00:00:00,10,0,22.6,21.0,26.1,0.0,14.9,1014.9,Good
2020-10-06 00:00:00,10,1,23.3,19.0,31.0,0.0,8.8,1013.0,Good
2020-10-07 00:00:00,10,2,21.1,16.0,27.0,0.0,10.1,1012.6,Good
2020-10-08 00:00:00,10,3,18.3,16.0,22.0,5.1,8.5,1009.8,Good
2020-10-09 00:00:00,10,4,16.0,13.8,20.5,14.2,9.8,1013.7,Good
2020-10-10 00:00:00,10,5,16.6,14.0,19.5,0.0,8.1,1016.3,Good
2020-10-11 00:00:00,10,6,16.9,10.0,23.7,0.0,6.3,1014.9,Good
2020-10-12 00:00:00,10,0,19.8,16.0,26.7,0.0,12.6,1013.4,Good
2020-10-13 00:00:00,10,1,18.5,14.0,25.2,0.0,13.1,1007.2,Moderate
2020-10-14 00:00:00,10,2,14.9,11.0,20.8,0.3,7.4,1014.2,Good
2020-10-15 00:00:00,10,3,17.3,11.0,24.1,0.0,6.2,1016.6,Good
2020-10-16 00:00:00,10,4,19.8,14.0,26.7,0.0,8.7,1011.9,Good
2020-10-17 00:00:00,10,5,16.2,13.0,21.3,0.0,7.6,1010.7,Good
2020-10-18 00:00:00,10,6,12.9,10.0,19.1,0.3,14.5,1017.0,Good
2020-10-19 00:00:00,10,0,12.8,7.0,18.5,0.0,10.4,1023.4,Good
2020-10-20 00:00:00,10,1,14.2,10.0,20.0,0.0,12.2,1026.4,Good
2020-10-21 00:00:00,10,2,12.7,7.0,21.2,0.0,7.4,1026.4,Good
2020-10-22 00:00:00,10,3,13.1,5.0,22.3,0.0,6.4,1022.9,Good
2020-10-23 00:00:00,10,4,14.7,7.0,24.0,0.0,4.9,1019.5,Moderate
2020-10-24 00:00:00,10,5,16.4,9.0,27.0,0.0,4.6,1014.9,Moderate
2020-10-25 00:00:00,10,6,17.3,12.0,21.7,0.0,6.2,1013.0,Moderate
2020-10-26 00:00:00,10,0,15.3,11.0,20.5,0.0,8.8,1013.0,Moderate
2020-10-27 00:00:00,10,1,14.6,8.0,21.0,0.0,5.7,1015.0,Moderate
2020-10-28 00:00:00,10,2,14.9,9.0,20.1,0.0,5.7,1015.6,Good
2020-10-29 00:00:00,10,3,14.8,12.0,20.8,0.0,9.8,1015.6,Good
2020-10-30 00:00:00,10,4,12.2,10.0,15.9,3.0,9.6,1016.3,Good
2020-10-31 00:00:00,10,5,10.1,8.0,14.0,8.1,15.0,1016.6,Good
2020-11-01 00:00:00,11,6,8.7,3.0,15.2,2.0,14.8,1019.4,Good
2020-11-02 00:00:00,11,0,9.4,3.0,18.1,0.0,5.9,1020.8,Good
2020-11-03 00:00:00,11,1,11.4,7.0,15.0,0.0,7.1,1019.3,Moderate
2020-11-04 00:00:00,11,2,11.0,8.0,14.5,0.0,13.5,1022.8,Good
2020-11-05 00:00:00,11,3,10.1,7.0,15.5,0.0,16.7,1027.0,Good
2020-11-06 00:00:00,11,4,9.8,7.0,15.3,0.0,11.4,1029.3,Good
2020-11-07 00:00:00,11,5,9.7,6.0,13.9,0.0,8.1,1031.2,Good
2020-11-08 00:00:00,11,6,10.6,5.0,14.1,0.0,4.8,1028.4,Good
2020-11-09 00:00:00,11,0,11.3,8.0,15.3,0.0,9.5,1025.6,Good
2020-11-10 00:00:00,11,1,8.8,7.0,12.0,0.0,12.7,1029.1,Good
2020-11-11 00:00:00,11,2,9.9,9.0,11.7,0.0,14.0,1029.9,Good
2020-11-12 00:00:00,11,3,10.7,9.0,12.6,0.0,7.3,1028.0,Good
2020-11-13 00:00:00,11,4,10.7,10.0,12.7,6.6,4.9,1025.6,Good
2020-11-14 00:00:00,11,5,10.1,9.0,13.7,3.3,12.9,1025.2,Moderate
2020-11-15 00:00:00,11,6,9.9,7.0,15.9,0.0,7.7,1024.3,Moderate
2020-11-16 00:00:00,11,0,8.5,6.0,15.2,0.0,5.4,1022.0,Moderate
2020-11-17 00:00:00,11,1,7.6,3.0,13.2,0.0,5.3,1025.1,Good
2020-11-18 00:00:00,11,2,9.4,7.0,11.7,0.0,13.4,1029.2,Moderate
2020-11-19 00:00:00,11,3,8.1,7.0,10.4,1.8,16.1,1028.2,Good
2020-11-20 00:00:00,11,4,7.8,7.0,10.7,0.0,17.8,1020.3,Good
2020-11-21 00:00:00,11,5,5.8,4.6,8.0,0.0,17.4,1027.4,Good
2020-11-22 00:00:00,11,6,3.1,0.0,10.6,0.0,9.8,1033.0,Good
2020-11-23 00:00:00,11,0,3.2,-3.0,12.4,0.0,5.9,1027.2,Moderate
2020-11-24 00:00:00,11,1,4.5,-1.0,11.3,0.0,10.0,1026.1,Good
2020-11-25 00:00:00,11,2,3.8,-1.0,12.2,0.0,7.7,1026.9,Moderate
2020-11-26 00:00:00,11,3,3.8,-2.0,13.8,0.0,4.5,1024.7,Moderate
2020-11-27 00:00:00,11,4,4.9,-3.0,15.0,0.0,4.3,1021.4,Moderate
2020-11-28 00:00:00,11,5,5.4,-1.0,14.0,0.0,5.2,1018.1,Moderate
2020-11-29 00:00:00,11,6,6.8,4.0,12.1,0.0,6.7,1018.5,Good
2020-11-30 00:00:00,11,0,2.4,1.0,7.5,6.4,22.3,1020.8,Good
2020-12-01 00:00:00,12,1,1.2,0.0,2.7,6.9,18.2,1022.2,Good
2020-12-02 00:00:00,12,2,0.7,0.0,2.2,1.5,12.3,1023.0,Good
2020-12-03 00:00:00,12,3,4.7,1.0,10.7,1.0,7.0,1021.9,Moderate
2020-12-04 00:00:00,12,4,11.0,7.0,14.8,0.0,9.5,1017.4,Moderate
2020-12-05 00:00:00,12,5,11.8,10.0,13.0,0.0,14.5,1019.9,Moderate
2020-12-06 00:00:00,12,6,8.7,7.0,11.6,0.0,13.3,1021.4,Good
2020-12-07 00:00:00,12,0,6.8,6.0,10.0,0.0,17.1,1017.1,Good
2020-12-08 00:00:00,12,1,2.7,1.0,7.5,8.9,20.9,1014.0,Good
2020-12-09 00:00:00,12,2,4.3,1.0,8.7,10.7,11.6,1018.4,Good
2020-12-10 00:00:00,12,3,12.3,6.3,14.0,7.6,14.9,1010.9,Moderate
2020-12-11 00:00:00,12,4,8.8,3.0,13.0,0.3,8.2,1007.3,Good
2020-12-12 00:00:00,12,5,9.6,5.2,12.0,0.8,10.3,1004.1,Moderate
2020-12-13 00:00:00,12,6,6.6,5.0,11.4,4.6,7.7,1006.8,Good
2020-12-14 00:00:00,12,0,5.9,5.0,6.8,7.4,15.6,1012.3,Good
2020-12-15 00:00:00,12,1,5.4,4.0,7.0,0.8,15.8,1020.9,Good
2020-12-16 00:00:00,12,2,6.0,4.8,8.0,0.0,6.1,1025.9,Good
2020-12-17 00:00:00,12,3,7.3,5.5,10.4,0.0,4.3,1026.3,Moderate
2020-12-18 00:00:00,12,4,5.1,4.0,8.0,0.0,9.3,1027.7,Good
2020-12-19 00:00:00,12,5,4.1,3.0,7.0,0.0,9.4,1029.4,Good
2020-12-20 00:00:00,12,6,4.0,3.0,5.4,0.0,10.6,1029.4,Good
2020-12-21 00:00:00,12,0,5.6,4.0,7.4,0.0,9.3,1029.4,Good
2020-12-22 00:00:00,12,1,4.8,4.0,6.6,0.0,4.2,1027.3,Good
2020-12-23 00:00:00,12,2,5.7,4.0,7.8,0.0,4.5,1021.8,Moderate
2020-12-24 00:00:00,12,3,7.5,4.0,13.8,0.0,3.1,1016.4,Good
2020-12-25 00:00:00,12,4,9.3,4.0,14.6,0.0,7.5,1010.9,Moderate
2020-12-26 00:00:00,12,5,8.1,6.0,12.2,0.0,8.2,1013.9,Moderate
2020-12-27 00:00:00,12,6,7.7,4.0,10.3,1.0,17.0,1018.8,Good
2020-12-30 00:00:00,12,2,13.4,8.7,17.0,0.0,11.8,1013.1,Good
2020-12-31 00:00:00,12,3,11.9,8.9,16.0,0.0,11.2,1010.8,Moderate
2021-01-05 00:00:00,1,1,8.9,4.0,14.5,3.3,13.7,1011.7,Good
2021-01-06 00:00:00,1,2,6.9,-1.0,14.0,0.0,5.8,1018.1,Moderate
2021-01-07 00:00:00,1,3,10.5,7.0,18.0,0.0,13.4,1014.2,Good
2021-01-08 00:00:00,1,4,6.9,5.0,9.5,2.5,6.6,1011.5,Good
2021-01-09 00:00:00,1,5,2.7,1.0,8.9,7.1,9.7,1016.9,Good
2021-01-10 00:00:00,1,6,4.5,2.0,6.9,13.7,16.2,1020.3,Good
2021-01-11 00:00:00,1,0,6.6,4.5,7.3,19.6,20.6,1016.1,Good
2021-01-12 00:00:00,1,1,6.6,3.0,8.1,32.5,14.4,1010.7,Good
2021-01-13 00:00:00,1,2,2.3,1.0,6.7,43.4,22.6,1006.7,Good
2021-01-14 00:00:00,1,3,1.3,0.0,5.2,0.0,14.5,1008.2,Good
2021-01-15 00:00:00,1,4,0.6,-2.0,6.0,0.3,12.5,1012.9,Moderate
2021-01-16 00:00:00,1,5,-0.8,-3.0,3.1,0.0,10.1,1013.4,Moderate
2021-01-17 00:00:00,1,6,-4.7,-7.0,-0.6,0.0,13.3,1015.3,Good
2021-01-18 00:00:00,1,0,-3.6,-7.0,0.6,0.0,15.8,1020.2,Moderate
2021-01-19 00:00:00,1,1,-3.6,-7.0,1.8,0.0,13.2,1023.2,Moderate
2021-01-20 00:00:00,1,2,1.3,-6.0,8.0,0.0,8.0,1022.1,Good
2021-01-21 00:00:00,1,3,5.0,-1.0,13.6,0.0,6.6,1022.5,Moderate
2021-01-22 00:00:00,1,4,6.8,1.0,14.1,0.0,6.4,1018.2,Moderate
2021-01-23 00:00:00,1,5,10.8,4.0,16.6,0.0,11.7,1011.8,Good
2021-01-24 00:00:00,1,6,10.0,7.0,13.0,0.0,10.6,1005.6,Good
2021-01-25 00:00:00,1,0,7.3,2.0,12.0,2.3,15.6,1001.9,Good
2021-01-26 00:00:00,1,1,4.6,0.0,13.3,2.8,9.1,1004.4,Good
2021-01-27 00:00:00,1,2,0.1,-0.2,2.5,24.9,34.2,1002.0,Good
2021-01-28 00:00:00,1,3,-0.4,-2.0,3.9,1.0,15.1,1009.4,Good
2021-01-29 00:00:00,1,4,1.3,-4.0,5.7,0.0,8.5,1006.8,Good
2021-01-30 00:00:00,1,5,4.7,1.0,7.8,1.5,9.7,999.3,Moderate
2021-01-31 00:00:00,1,6,7.4,1.0,13.0,2.8,8.3,1004.4,Moderate
2021-02-01 00:00:00,2,0,11.1,8.9,13.0,0.0,10.0,1003.3,Moderate
2021-02-02 00:00:00,2,1,8.8,7.6,12.1,4.3,4.8,1011.5,Good
2021-02-03 00:00:00,2,2,7.9,6.0,12.1,0.0,5.0,1015.3,Good
2021-02-04 00:00:00,2,3,9.2,1.0,18.0,0.0,13.0,1012.3,Moderate
2021-02-05 00:00:00,2,4,8.1,6.0,13.2,0.0,10.4,1018.6,Moderate
2021-02-06 00:00:00,2,5,7.2,3.0,16.0,0.0,7.7,1014.5,Moderate
2021-02-07 00:00:00,2,6,7.4,5.7,9.0,0.0,10.0,1013.5,Good
2021-02-08 00:00:00,2,0,12.1,7.0,19.0,0.3,13.5,1003.4,Moderate
2021-02-09 00:00:00,2,1,12.4,6.0,18.0,3.6,13.6,1006.3,Good
2021-02-10 00:00:00,2,2,12.3,7.0,19.0,0.0,9.8,1007.5,Good
2021-02-11 00:00:00,2,3,12.5,2.0,18.0,4.0,14.4,1004.9,Good
2021-02-12 00:00:00,2,4,-2.0,-5.0,1.0,7.7,36.9,1017.2,Good
2021-02-13 00:00:00,2,5,-2.7,-7.0,-0.3,0.0,19.5,1027.2,Good
2021-02-14 00:00:00,2,6,-3.3,-5.0,-0.5,0.0,13.9,1028.4,Good
2021-02-15 00:00:00,2,0,-1.2,-5.0,4.0,0.0,14.7,1027.8,Good
2021-02-16 00:00:00,2,1,-4.4,-7.0,0.0,0.0,14.4,1026.9,Good
2021-02-17 00:00:00,2,2,-2.9,-10.0,4.0,0.0,7.2,1021.5,Good
2021-02-18 00:00:00,2,3,1.6,-2.0,6.0,0.3,9.5,1017.6,Moderate
2021-02-19 00:00:00,2,4,-1.2,-3.0,3.6,0.0,8.2,1029.4,Good
2021-02-20 00:00:00,2,5,3.9,0.0,7.0,0.0,10.9,1027.9,Good
2021-02-21 00:00:00,2,6,0.5,-1.0,9.2,0.0,6.3,1031.7,Moderate
2021-02-22 00:00:00,2,0,3.1,-3.0,11.0,0.0,6.0,1029.9,Moderate
2021-02-23 00:00:00,2,1,4.7,-2.0,15.0,0.0,6.1,1030.2,Moderate
2021-02-24 00:00:00,2,2,3.9,1.0,7.5,0.0,6.9,1034.7,Moderate
2021-02-25 00:00:00,2,3,5.2,1.0,13.0,0.0,6.3,1033.8,Moderate
2021-02-26 00:00:00,2,4,7.6,0.0,16.0,0.0,5.8,1027.0,Good
2021-02-27 00:00:00,2,5,9.1,1.0,20.0,0.0,10.9,1019.7,Good
2021-02-28 00:00:00,2,6,5.9,2.0,11.2,3.3,13.6,1027.4,Good
2021-03-01 00:00:00,3,0,4.1,0.0,7.0,0.0,11.3,1027.3,Good
2021-03-02 00:00:00,3,1,3.8,1.0,7.1,0.0,10.6,1031.3,Good
2021-03-03 00:00:00,3,2,5.8,0.0,13.0,0.0,9.2,1029.0,Moderate
2021-03-04 00:00:00,3,3,6.3,-2.0,14.0,0.0,5.6,1021.0,Moderate
2021-03-05 00:00:00,3,4,11.2,3.0,21.2,0.0,8.8,1013.3,Moderate
2021-03-06 00:00:00,3,5,5.2,2.0,12.9,0.0,10.9,1022.2,Good
2021-03-07 00:00:00,3,6,2.9,-2.0,9.5,0.5,9.4,1026.0,Good
2021-03-08 00:00:00,3,0,3.7,-4.0,13.0,0.0,8.1,1015.8,Moderate
2021-03-09 00:00:00,3,1,4.2,-1.0,9.1,0.0,10.1,1018.6,Good
2021-03-10 00:00:00,3,2,4.9,3.0,6.7,0.5,23.4,1015.9,Good
2021-03-11 00:00:00,3,3,1.7,-0.4,5.2,23.1,14.3,1019.7,Good
2021-03-12 00:00:00,3,4,2.4,-4.0,9.5,0.0,9.1,1019.6,Moderate
2021-03-13 00:00:00,3,5,7.0,-2.0,13.0,0.0,6.9,1015.3,Moderate
2021-03-14 00:00:00,3,6,7.8,1.0,14.0,0.0,7.7,1011.7,Moderate
2021-03-15 00:00:00,3,0,10.0,4.0,15.0,0.0,12.6,1001.0,Moderate
2021-03-16 00:00:00,3,1,5.9,4.0,11.2,0.0,17.3,997.1,Good
2021-03-17 00:00:00,3,2,4.0,2.0,6.4,1.8,19.2,999.9,Good
2021-03-18 00:00:00,3,3,5.1,3.0,8.7,3.6,13.7,1010.3,Good
2021-03-19 00:00:00,3,4,4.4,0.0,8.8,0.0,9.6,1014.4,Moderate
2021-03-20 00:00:00,3,5,4.2,-2.0,10.7,0.0,9.4,1018.7,Good
2021-03-21 00:00:00,3,6,5.1,4.0,6.2,0.0,13.8,1015.6,Good
2021-03-22 00:00:00,3,0,2.8,2.0,5.9,1.0,18.9,1004.9,Good
2021-03-23 00:00:00,3,1,3.3,2.0,7.2,4.1,16.4,1011.0,Good
2021-03-24 00:00:00,3,2,1.2,-1.0,5.5,0.0,16.7,1012.8,Good
2021-03-25 00:00:00,3,3,2.4,-2.0,7.3,0.0,13.3,1018.1,Good
2021-03-26 00:00:00,3,4,6.6,3.0,12.9,0.0,14.1,1022.4,Good
2021-03-27 00:00:00,3,5,8.1,2.0,16.6,0.0,9.6,1025.2,Moderate
2021-03-28 00:00:00,3,6,nan,nan,nan,nan,nan,nan,Moderate
2021-03-29 00:00:00,3,0,9.7,6.0,15.9,0.0,13.0,1029.5,Good
2021-03-30 00:00:00,3,1,8.4,5.0,13.0,0.0,18.3,1028.4,Good
2021-03-31 00:00:00,3,2,7.0,4.0,13.0,0.0,12.4,1026.5,Moderate
2021-04-01 00:00:00,4,3,6.8,2.0,12.4,1.0,9.2,1020.3,Moderate
2021-04-02 00:00:00,4,4,9.6,1.0,20.0,0.0,5.8,1011.9,Moderate
2021-04-03 00:00:00,4,5,9.3,8.0,15.9,0.5,10.2,1011.3,Good
2021-04-04 00:00:00,4,6,7.5,5.0,9.8,16.0,9.5,1013.1,Good
2021-04-05 00:00:00,4,0,7.0,4.0,11.8,5.1,8.3,1014.2,Good
2021-04-06 00:00:00,4,1,7.8,2.0,13.0,3.5,10.5,1007.2,Good
2021-04-07 00:00:00,4,2,6.4,3.0,12.0,0.0,12.2,1005.2,Good
2021-04-08 00:00:00,4,3,5.8,3.0,10.0,6.6,8.7,1018.0,Good
2021-04-09 00:00:00,4,4,5.6,1.0,12.1,0.0,8.7,1026.5,Good
2021-04-10 00:00:00,4,5,6.1,-1.0,13.7,0.0,8.6,1026.0,Moderate
2021-04-11 00:00:00,4,6,6.9,0.0,13.0,0.0,9.7,1025.3,Good
2021-04-12 00:00:00,4,0,9.9,2.0,18.0,0.0,10.2,1021.3,Moderate
2021-04-13 00:00:00,4,1,9.6,2.0,14.0,0.0,10.8,1016.9,Good
2021-04-14 00:00:00,4,2,10.4,9.0,15.0,2.5,15.3,1012.5,Good
2021-04-15 00:00:00,4,3,8.9,4.0,14.7,2.8,21.5,1016.3,Good
2021-04-16 00:00:00,4,4,9.9,7.0,15.4,0.0,16.3,1018.4,Good
2021-04-17 00:00:00,4,5,8.4,5.0,11.8,0.0,8.2,1018.6,Good
2021-04-18 00:00:00,4,6,9.4,8.9,10.3,0.0,11.3,1015.3,Good
2021-04-19 00:00:00,4,0,9.4,5.0,15.1,0.0,9.9,1013.6,Good
2021-04-20 00:00:00,4,1,10.2,7.9,14.1,4.8,10.5,1010.0,Good
2021-04-21 00:00:00,4,2,11.8,4.0,19.0,2.5,10.2,1015.6,Good
2021-04-22 00:00:00,4,3,12.5,5.0,19.0,0.0,10.2,1019.2,Good
2021-04-23 00:00:00,4,4,13.2,8.0,19.2,0.0,8.4,1017.7,Good
2021-04-24 00:00:00,4,5,9.6,6.0,15.7,0.0,9.5,1021.8,Good
2021-04-25 00:00:00,4,6,9.8,5.0,15.0,0.0,13.2,1019.4,Good
2021-04-26 00:00:00,4,0,10.5,3.0,19.0,0.0,11.0,1016.3,Good
2021-04-27 00:00:00,4,1,11.7,7.0,16.0,0.0,10.0,1013.0,Good
2021-04-28 00:00:00,4,2,11.3,9.0,15.0,0.0,16.3,1015.2,Good
2021-04-29 00:00:00,4,3,12.5,9.0,18.0,0.0,9.8,1014.9,Good
2021-04-30 00:00:00,4,4,14.1,8.0,22.0,0.0,5.7,1014.1,Good
2021-05-01 00:00:00,5,5,16.5,12.0,23.0,0.0,7.8,1012.8,Good
2021-05-02 00:00:00,5,6,23.1,15.0,31.0,0.0,8.5,1007.6,Good
2021-05-03 00:00:00,5,0,20.8,16.0,27.3,0.0,17.3,1010.6,Good
2021-05-04 00:00:00,5,1,14.4,11.0,21.0,0.0,11.0,1017.4,Good
2021-05-05 00:00:00,5,2,13.5,8.0,18.0,0.0,11.1,1012.6,Good
2021-05-06 00:00:00,5,3,17.7,11.0,26.1,0.0,12.7,1010.6,Good
2021-05-07 00:00:00,5,4,17.4,10.0,25.0,0.0,11.1,1012.0,Good
2021-05-08 00:00:00,5,5,14.8,11.0,19.5,0.0,12.3,1012.7,Good
2021-05-09 00:00:00,5,6,12.1,9.0,17.8,2.0,11.1,1025.2,Good
2021-05-10 00:00:00,5,0,10.6,4.0,17.3,0.0,9.9,1024.6,Good
2021-05-11 00:00:00,5,1,11.2,5.0,17.1,0.0,9.0,1019.1,Good
2021-05-12 00:00:00,5,2,13.8,6.0,21.0,0.0,9.9,1011.1,Good
2021-05-13 00:00:00,5,3,15.1,13.0,19.0,0.0,12.4,1007.7,Good
2021-05-14 00:00:00,5,4,16.3,10.0,24.0,0.0,7.2,1009.4,Good
2021-05-15 00:00:00,5,5,16.4,9.0,22.0,0.0,8.8,1010.9,Good
2021-05-16 00:00:00,5,6,16.6,14.0,21.0,0.0,8.2,1008.0,Good
2021-05-17 00:00:00,5,0,18.3,11.0,24.1,0.0,11.1,1006.0,Good
2021-05-18 00:00:00,5,1,18.2,14.0,23.0,0.0,24.4,1005.9,Good
2021-05-19 00:00:00,5,2,18.7,12.0,26.4,0.0,16.7,1009.6,Good
2021-05-20 00:00:00,5,3,16.2,13.0,21.1,0.0,18.7,1006.1,Good
2021-05-21 00:00:00,5,4,14.8,11.0,18.6,1.9,11.5,1012.6,Good
2021-05-22 00:00:00,5,5,16.3,10.0,23.0,0.0,9.9,1017.3,Good
2021-05-23 00:00:00,5,6,17.9,10.0,26.0,0.0,8.8,1016.1,Good
2021-05-24 00:00:00,5,0,19.8,13.0,27.2,0.0,9.7,1019.0,Good
2021-05-25 00:00:00,5,1,18.2,13.0,22.0,0.0,10.1,1021.0,Good
2021-05-26 00:00:00,5,2,17.3,13.0,22.0,0.0,11.6,1016.7,Good
2021-05-27 00:00:00,5,3,18.8,14.0,24.0,0.0,12.2,1014.5,Good
2021-05-28 00:00:00,5,4,18.4,12.0,26.0,7.7,10.2,1011.0,Good
2021-05-29 00:00:00,5,5,18.1,15.0,23.3,9.4,12.8,1012.1,Good
2021-05-30 00:00:00,5,6,17.6,13.0,24.0,1.1,12.0,1014.0,Good
2021-05-31 00:00:00,5,0,14.3,13.0,19.1,21.0,12.7,1012.4,Good
2021-06-01 00:00:00,6,1,13.1,11.0,16.4,2.0,16.1,1009.8,Good
2021-06-02 00:00:00,6,2,13.0,11.0,17.0,21.5,15.8,1015.5,Good
2021-06-03 00:00:00,6,3,15.2,11.0,19.8,0.5,13.4,1018.7,Good
2021-06-04 00:00:00,6,4,17.9,14.0,23.9,0.0,15.1,1021.4,Good
2021-06-05 00:00:00,6,5,18.9,12.0,25.0,0.0,8.0,1019.7,Good
2021-06-06 00:00:00,6,6,17.1,11.0,24.0,5.3,8.3,1015.6,Good
2021-06-07 00:00:00,6,0,18.6,11.0,26.0,0.0,6.6,1015.5,Good
2021-06-08 00:00:00,6,1,19.1,12.0,27.0,0.0,5.3,1014.1,Good
2021-06-09 00:00:00,6,2,19.9,15.0,27.2,0.0,10.1,1012.2,Good
2021-06-10 00:00:00,6,3,19.2,15.0,26.5,4.1,8.7,1011.6,Good
2021-06-11 00:00:00,6,4,20.1,15.0,26.2,3.0,7.4,1012.5,Good
2021-06-12 00:00:00,6,5,19.1,16.0,23.0,9.7,6.5,1013.6,Good
2021-06-13 00:00:00,6,6,18.2,13.0,26.0,14.2,9.6,1011.0,Good
2021-06-14 00:00:00,6,0,16.5,13.0,22.2,18.3,11.6,1011.9,Good
2021-06-15 00:00:00,6,1,15.8,14.4,17.4,4.8,16.1,1010.0,Good
2021-06-16 00:00:00,6,2,19.2,15.4,24.4,25.1,14.8,1008.6,Good
2021-06-17 00:00:00,6,3,20.3,17.0,26.2,0.0,11.7,1014.5,Good
2021-06-18 00:00:00,6,4,19.9,17.0,26.2,4.6,10.7,1012.5,Good
2021-06-19 00:00:00,6,5,18.7,17.7,21.3,29.2,11.9,1011.0,Good
2021-06-20 00:00:00,6,6,19.8,17.0,24.0,9.9,5.5,1011.3,Good
2021-06-21 00:00:00,6,0,21.0,16.0,25.4,6.1,7.6,1011.1,Good
2021-06-22 00:00:00,6,1,21.8,17.0,28.0,2.4,7.4,1011.5,Good
2021-06-23 00:00:00,6,2,22.7,18.0,27.0,5.3,6.0,1013.1,Good
2021-06-24 00:00:00,6,3,25.6,20.0,32.0,0.0,7.0,1015.0,Good
2021-06-25 00:00:00,6,4,25.4,21.0,32.9,0.0,8.6,1012.5,Moderate
2021-06-26 00:00:00,6,5,24.5,19.0,30.0,0.0,6.1,1011.3,Moderate
2021-06-27 00:00:00,6,6,25.1,20.0,31.0,0.0,10.0,1012.4,Moderate
2021-06-28 00:00:00,6,0,22.9,20.0,27.5,0.0,6.3,1016.0,Good
2021-06-29 00:00:00,6,1,23.6,18.0,28.0,0.0,8.3,1015.4,Good
2021-06-30 00:00:00,6,2,23.8,18.0,28.0,0.0,10.0,1013.4,Good
2021-07-01 00:00:00,7,3,23.9,21.0,28.8,0.0,13.8,1009.7,Good
2021-07-02 00:00:00,7,4,23.7,18.0,30.0,2.5,11.8,1007.9,Good
2021-07-03 00:00:00,7,5,21.9,19.0,27.1,0.0,13.9,1008.5,Good
2021-07-04 00:00:00,7,6,22.6,17.0,28.2,20.8,13.2,1008.1,Good
2021-07-05 00:00:00,7,0,21.7,18.0,27.8,0.0,9.2,1007.2,Good
2021-07-06 00:00:00,7,1,22.1,18.0,28.3,2.8,15.7,1008.0,Good
2021-07-07 00:00:00,7,2,23.9,21.0,29.3,6.1,11.8,1013.4,Good
2021-07-08 00:00:00,7,3,22.9,20.0,26.9,0.0,8.4,1018.4,Good
2021-07-09 00:00:00,7,4,24.3,20.0,29.0,0.0,9.7,1018.6,Good
2021-07-10 00:00:00,7,5,23.8,15.0,30.0,0.0,10.5,1015.1,Good
2021-07-11 00:00:00,7,6,24.9,20.0,30.0,0.0,8.3,1012.7,Good
2021-07-12 00:00:00,7,0,24.9,20.0,31.0,0.0,9.4,1012.7,Good
2021-07-13 00:00:00,7,1,24.8,18.0,32.0,0.0,7.3,1012.8,Good
2021-07-14 00:00:00,7,2,25.0,20.0,31.0,0.0,8.8,1013.7,Good
2021-07-15 00:00:00,7,3,24.6,16.0,31.0,0.0,8.3,1012.8,Moderate
2021-07-16 00:00:00,7,4,25.7,17.0,33.0,0.0,7.7,1010.5,Good
2021-07-17 00:00:00,7,5,27.3,19.0,32.0,0.0,14.5,1007.4,Good
2021-07-18 00:00:00,7,6,27.9,20.0,34.0,0.0,14.0,1006.0,Good
2021-07-19 00:00:00,7,0,27.1,21.0,32.0,0.0,9.5,1006.7,Good
2021-07-20 00:00:00,7,1,26.3,20.0,32.9,0.0,9.9,1007.2,Moderate
2021-07-21 00:00:00,7,2,24.8,21.0,30.2,0.0,16.8,1010.1,Good
2021-07-22 00:00:00,7,3,22.8,18.0,28.0,0.0,21.2,1013.8,Good
2021-07-23 00:00:00,7,4,22.4,16.0,27.0,0.0,12.2,1014.6,Good
2021-07-24 00:00:00,7,5,21.4,14.0,28.0,0.0,11.0,1014.5,Good
2021-07-25 00:00:00,7,6,22.8,15.0,28.2,0.0,11.2,1016.5,Good
2021-07-26 00:00:00,7,0,22.9,15.0,30.0,0.0,8.0,1018.1,Good
2021-07-27 00:00:00,7,1,24.7,16.0,32.0,0.0,8.3,1018.4,Good
2021-07-28 00:00:00,7,2,25.7,18.0,32.0,0.0,8.2,1016.3,Good
2021-07-29 00:00:00,7,3,27.3,21.0,33.0,0.0,10.3,1012.7,Good
2021-07-30 00:00:00,7,4,26.1,21.0,31.0,0.0,9.0,1010.1,Good
2021-07-31 00:00:00,7,5,26.3,22.0,31.3,0.0,11.4,1009.9,Good
2021-08-01 00:00:00,8,6,26.2,20.0,32.0,0.0,9.6,1010.7,Good
2021-08-02 00:00:00,8,0,27.5,22.0,33.0,0.0,10.9,1009.0,Good
2021-08-03 00:00:00,8,1,27.3,21.0,34.0,0.0,9.6,1011.7,Good
2021-08-04 00:00:00,8,2,25.8,21.0,30.3,0.0,10.1,1014.3,Good
2021-08-05 00:00:00,8,3,26.4,21.0,31.5,0.0,12.2,1010.3,Good
2021-08-06 00:00:00,8,4,25.9,22.0,31.1,0.0,13.5,1002.8,Moderate
2021-08-07 00:00:00,8,5,23.9,19.0,30.3,0.0,16.0,1008.8,Good
2021-08-08 00:00:00,8,6,23.1,16.0,29.8,0.0,9.0,1015.1,Good
2021-08-09 00:00:00,8,0,24.4,17.0,31.0,0.0,9.0,1016.1,Good
2021-08-10 00:00:00,8,1,26.0,19.0,34.0,0.0,8.4,1015.1,Good
2021-08-11 00:00:00,8,2,26.2,21.0,32.0,0.0,9.6,1013.6,Good
2021-08-12 00:00:00,8,3,25.4,20.0,32.0,0.0,11.1,1016.7,Good
2021-08-13 00:00:00,8,4,24.0,20.0,28.0,0.0,10.1,1021.3,Good
2021-08-14 00:00:00,8,5,22.1,15.0,29.4,0.0,10.8,1021.2,Good
2021-08-15 00:00:00,8,6,22.7,14.0,30.0,0.0,9.3,1017.6,Good
2021-08-16 00:00:00,8,0,22.2,16.0,29.5,0.0,9.4,1015.1,Good
2021-08-17 00:00:00,8,1,22.7,16.0,29.5,0.0,9.5,1012.3,Good
2021-08-18 00:00:00,8,2,23.6,17.0,30.0,0.0,7.4,1010.0,Good
2021-08-19 00:00:00,8,3,21.9,19.0,27.7,0.3,14.8,1012.5,Good
2021-08-20 00:00:00,8,4,20.9,13.0,29.2,0.0,8.9,1015.4,Good
2021-08-21 00:00:00,8,5,21.9,14.0,29.8,0.0,10.3,1016.5,Good
2021-08-22 00:00:00,8,6,22.7,16.0,29.4,0.0,11.2,1017.2,Good
2021-08-23 00:00:00,8,0,22.7,15.0,29.0,0.0,11.5,1017.2,Good
2021-08-24 00:00:00,8,1,21.8,15.0,28.9,0.0,8.8,1014.8,Good
2021-08-25 00:00:00,8,2,22.4,17.0,29.0,0.0,8.2,1012.6,Good
2021-08-26 00:00:00,8,3,21.8,19.0,29.9,0.0,8.5,1010.4,Good
2021-08-27 00:00:00,8,4,23.3,18.0,28.3,4.1,7.4,1009.6,Good
2021-08-28 00:00:00,8,5,24.9,21.0,29.7,0.0,11.9,1010.8,Good
2021-08-29 00:00:00,8,6,26.1,22.0,31.0,0.0,8.4,1006.2,Good
2021-08-30 00:00:00,8,0,22.2,18.0,28.5,0.0,15.8,1009.9,Good
2021-08-31 00:00:00,8,1,21.9,14.0,30.0,0.0,10.7,1013.6,Good
2021-09-01 00:00:00,9,2,21.7,15.0,29.2,0.0,16.5,1013.1,Good
2021-09-02 00:00:00,9,3,20.0,14.0,25.5,0.0,11.3,1016.0,Good
2021-09-03 00:00:00,9,4,17.9,14.0,24.3,0.0,12.9,1020.4,Good
2021-09-04 00:00:00,9,5,18.1,11.0,26.3,0.0,9.2,1016.7,Good
2021-09-05 00:00:00,9,6,19.1,12.0,27.4,0.0,10.4,1018.0,Good
2021-09-06 00:00:00,9,0,18.1,13.0,24.5,0.0,15.3,1023.0,Good
2021-09-07 00:00:00,9,1,18.1,14.0,22.3,0.0,17.0,1025.5,Good
2021-09-08 00:00:00,9,2,18.4,14.0,24.0,0.0,15.3,1023.7,Good
2021-09-09 00:00:00,9,3,19.9,15.0,25.0,0.0,15.9,1020.0,Good
2021-09-10 00:00:00,9,4,18.6,15.0,24.2,0.0,11.5,1017.5,Good
2021-09-11 00:00:00,9,5,20.9,14.0,28.9,0.0,7.4,1015.2,Good
2021-09-12 00:00:00,9,6,21.5,16.0,28.3,0.0,8.7,1013.0,Moderate
2021-09-13 00:00:00,9,0,20.6,14.0,29.0,0.0,8.0,1012.8,Moderate
2021-09-14 00:00:00,9,1,21.3,16.0,27.1,0.0,9.5,1014.8,Moderate
2021-09-15 00:00:00,9,2,19.9,14.0,28.0,0.0,7.8,1016.5,Moderate
2021-09-16 00:00:00,9,3,20.1,14.0,27.0,0.0,7.7,1016.9,Good
2021-09-17 00:00:00,9,4,21.8,16.0,28.3,0.0,10.0,1013.2,Good
2021-09-18 00:00:00,9,5,22.6,18.0,29.9,5.1,12.7,1008.9,Good
2021-09-19 00:00:00,9,6,20.3,16.0,27.2,0.0,14.6,1011.3,Good
2021-09-20 00:00:00,9,0,19.4,12.0,25.0,4.3,11.1,1011.2,Good
2021-09-21 00:00:00,9,1,14.7,11.0,22.1,0.0,14.1,1019.0,Good
2021-09-22 00:00:00,9,2,12.5,6.0,17.0,1.4,10.2,1018.2,Good
2021-09-23 00:00:00,9,3,12.6,8.0,18.4,0.5,14.0,1017.5,Good
2021-09-24 00:00:00,9,4,14.9,6.0,23.0,0.0,9.2,1014.8,Good
2021-09-25 00:00:00,9,5,18.1,15.0,23.0,0.0,8.9,1018.4,Good
2021-09-26 00:00:00,9,6,18.6,12.0,26.3,0.0,8.2,1020.8,Good
2021-09-27 00:00:00,9,0,18.4,13.0,24.9,0.0,10.3,1018.8,Good
2021-09-28 00:00:00,9,1,16.7,14.0,20.1,0.0,12.4,1020.0,Good
2021-09-29 00:00:00,9,2,15.9,13.0,21.2,0.0,13.7,1023.0,Good
2021-09-30 00:00:00,9,3,13.5,10.0,18.0,0.0,12.7,1025.1,Good
2021-10-01 00:00:00,10,4,13.3,9.0,18.4,6.9,16.9,1026.0,Good
2021-10-02 00:00:00,10,5,12.9,11.0,17.9,0.0,16.7,1024.1,Good
2021-10-03 00:00:00,10,6,14.5,9.0,21.0,0.0,12.7,1023.8,Good
2021-10-04 00:00:00,10,0,13.7,8.0,20.7,0.0,10.1,1024.4,Good
2021-10-05 00:00:00,10,1,13.2,8.0,19.7,0.0,11.0,1025.2,Good
2021-10-06 00:00:00,10,2,13.3,9.0,17.3,0.0,10.6,1024.9,Good
2021-10-07 00:00:00,10,3,13.2,12.0,17.9,1.8,17.5,1023.3,Good
2021-10-08 00:00:00,10,4,11.2,10.0,13.4,2.3,23.0,1023.1,Good
2021-10-09 00:00:00,10,5,10.6,9.0,13.2,5.6,19.5,1022.9,Good
2021-10-10 00:00:00,10,6,12.1,10.0,14.1,0.0,16.6,1025.0,Good
2021-10-11 00:00:00,10,0,14.4,13.0,18.0,0.8,15.1,1018.8,Good
2021-10-12 00:00:00,10,1,13.4,12.0,15.0,23.5,10.1,1009.4,Good
2021-10-13 00:00:00,10,2,11.4,9.0,16.0,44.5,15.4,1011.2,Good
2021-10-14 00:00:00,10,3,12.3,10.8,14.7,1.0,9.6,1019.6,Moderate
2021-10-15 00:00:00,10,4,14.2,12.0,16.0,7.2,20.1,1017.5,Good
2021-10-16 00:00:00,10,5,14.6,13.0,20.0,8.1,11.8,1012.1,Good
2021-10-17 00:00:00,10,6,11.7,10.0,13.9,3.0,13.2,1018.3,Good
2021-10-18 00:00:00,10,0,12.8,9.0,19.6,0.0,6.7,1022.6,Good
2021-10-19 00:00:00,10,1,12.3,9.0,17.8,0.5,8.1,1027.0,Moderate
2021-10-20 00:00:00,10,2,10.7,5.0,19.3,0.0,8.3,1027.9,Good
2021-10-21 00:00:00,10,3,12.8,7.0,21.0,0.0,9.1,1019.9,Good
2021-10-22 00:00:00,10,4,14.8,8.0,24.2,0.0,8.5,1016.3,Moderate
2021-10-23 00:00:00,10,5,15.3,9.0,23.0,0.3,10.9,1018.4,Good
2021-10-24 00:00:00,10,6,10.8,6.0,15.9,4.3,14.0,1027.0,Good
2021-10-25 00:00:00,10,0,8.3,4.0,14.0,0.0,11.0,1031.9,Good
2021-10-26 00:00:00,10,1,8.8,2.0,15.5,0.0,9.4,1027.5,Good
2021-10-27 00:00:00,10,2,11.8,7.0,16.0,0.0,9.8,1025.5,Good
2021-10-28 00:00:00,10,3,9.4,3.0,16.9,0.0,9.3,1026.5,Moderate
2021-10-29 00:00:00,10,4,10.0,3.0,17.0,0.0,10.3,1025.7,Moderate
2021-10-30 00:00:00,10,5,11.6,9.0,17.5,0.0,12.1,1024.9,Good
2021-10-31 00:00:00,10,6,12.2,9.0,13.5,0.0,11.0,1021.4,Good
2021-11-01 00:00:00,11,0,12.3,10.0,15.0,4.1,9.4,1015.4,Good
2021-11-02 00:00:00,11,1,12.2,9.0,17.7,0.0,10.0,1009.3,Moderate
2021-11-03 00:00:00,11,2,12.8,7.0,21.0,0.0,10.8,1014.4,Moderate
2021-11-04 00:00:00,11,3,17.3,13.0,23.0,0.0,10.1,1017.4,Good
2021-11-05 00:00:00,11,4,16.2,11.0,23.0,0.0,8.7,1017.1,Good
2021-11-06 00:00:00,11,5,14.8,11.0,21.5,0.0,10.5,1023.3,Good
2021-11-07 00:00:00,11,6,13.2,11.0,15.2,0.0,9.5,1023.2,Good
2021-11-08 00:00:00,11,0,12.7,9.0,16.7,0.0,10.2,1015.6,Good
2021-11-09 00:00:00,11,1,9.5,5.0,14.1,0.0,14.5,1024.4,Good
2021-11-10 00:00:00,11,2,5.7,1.0,10.9,8.1,11.4,1036.6,Good
2021-11-11 00:00:00,11,3,5.7,0.0,13.7,0.0,7.6,1030.9,Good
2021-11-12 00:00:00,11,4,7.3,2.0,15.3,0.0,7.3,1023.3,Moderate
2021-11-13 00:00:00,11,5,10.6,6.0,13.7,0.0,9.7,1022.2,Good
2021-11-14 00:00:00,11,6,10.8,7.0,16.9,0.0,5.7,1021.5,Moderate
2021-11-15 00:00:00,11,0,9.8,8.0,13.9,0.0,12.0,1025.5,Good
2021-11-16 00:00:00,11,1,8.3,6.0,10.9,0.0,19.7,1028.2,Good
2021-11-17 00:00:00,11,2,7.7,7.0,9.3,0.0,14.3,1024.1,Good
2021-11-18 00:00:00,11,3,8.0,3.0,12.0,0.0,9.8,1023.2,Good
2021-11-19 00:00:00,11,4,7.8,6.0,11.0,0.0,14.5,1022.0,Moderate
2021-11-20 00:00:00,11,5,9.7,7.0,15.0,0.0,14.9,1017.7,Moderate
2021-11-21 00:00:00,11,6,8.8,2.0,16.0,0.0,7.4,1015.9,Good
2021-11-22 00:00:00,11,0,9.1,3.0,18.0,0.0,6.9,1013.2,Moderate
2021-11-23 00:00:00,11,1,8.7,6.0,11.0,1.4,9.5,1018.1,Good
2021-11-24 00:00:00,11,2,6.2,3.5,9.1,0.0,6.8,1026.2,Good
